Time	curve_A	curve_B	curve_C	curve_D	curve_E	curve_F	curve_G	curve_H	curve_I	curve_J	curve_K	curve_L	curve_M	curve_N	curve_O	curve_P	curve_Q	curve_R	curve_S	curve_T	curve_U	curve_V	curve_W	curve_X	curve_Y	curve_Z	curve_AA	curve_AB	curve_AC	curve_AD	curve_AE	curve_AF	curve_AG	curve_AH	curve_AI	curve_AJ	curve_AK	curve_AL	curve_AM	curve_AN	curve_AO	curve_AP	curve_AQ	curve_AR	curve_AS	curve_AT	curve_AU	curve_AV	curve_AW	curve_AX	curve_AY	curve_AZ	curve_BA	curve_BB	curve_BC	curve_BD	curve_BE	curve_BF	curve_BG	curve_BH	curve_BI	curve_BJ	curve_BK	curve_BL	curve_BM	curve_BN	curve_BO	curve_BP	curve_BQ	curve_BR	curve_BS	curve_BT	curve_BU	curve_BV	curve_BW	curve_BX	curve_BY	curve_BZ	curve_CA	curve_CB	curve_CC
5.5	0.715591	0.863116	0.811539	0.819523	0.831647	0.840128	0.8293	0.881295	0.895332	0.837624	0.896596	0.905773	0.812796	0.834088	0.832109	0.825196	0.846488	0.844509	0.824036	0.845328	0.843349	0.826036	0.847328	0.845349	0.828526	0.849818	0.847839	0.435204	0.466695	0.45012	0.548248	0.493492	0.505599	0.498237	0.503786	0.485209	0.490017	0.518998	0.518982	0.488067	0.51131	0.491289	0.4931	0.516343	0.496322	0.49699	0.520233	0.500212	0.50262	0.525809	0.505788	0.50763	0.530873	0.510852	0.108869	0.123194	0.125476	0.127689	0.132014	0.134296	0.133316	0.134399	0.134603	0.132834	0.141264	0.138812	0.133126	0.136267	0.136832	0.139772	0.137526	0.138795	0.134422	0.136686	0.137526	0.134206	0.136887	0.136003	0.135867	0.136033	0.136929
11.0	0.775554	0.826561	0.827968	0.830182	0.829353	0.835627	0.867884	0.834383	0.844254	0.854832	0.852288	0.848148	0.848028	0.779037	0.851022	0.860428	0.791437	0.863422	0.859268	0.790277	0.862262	0.861268	0.792277	0.864262	0.863758	0.794767	0.866752	0.450417	0.463136	0.458132	0.445213	0.497395	0.478287	0.491417	0.508543	0.49307	0.508004	0.527372	0.510308	0.473118	0.50994	0.497322	0.478151	0.514973	0.502355	0.482041	0.518863	0.506245	0.487671	0.524439	0.511821	0.492681	0.529503	0.516885	0.11856	0.122522	0.125609	0.12738	0.131342	0.134429	0.133752	0.1356	0.134391	0.136022	0.142466	0.138546	0.13493	0.137502	0.139434	0.140425	0.138444	0.140685	0.136699	0.13792	0.139269	0.137799	0.138469	0.137296	0.138838	0.139264	0.138968
16.5	0.80116	0.864178	0.849228	0.864769	0.857209	0.857596	0.90159	0.868688	0.872223	0.889272	0.891538	0.874099	0.883204	0.844755	0.876845	0.895604	0.857155	0.889245	0.894444	0.855995	0.888085	0.896444	0.857995	0.890085	0.898934	0.860485	0.892575	0.459337	0.465811	0.460234	0.502679	0.516749	0.504212	0.493496	0.528907	0.511594	0.508214	0.533757	0.518747	0.499242	0.518391	0.509253	0.504275	0.523424	0.514286	0.508165	0.527314	0.518176	0.513795	0.53289	0.523752	0.518805	0.537954	0.528816	0.117523	0.121264	0.125312	0.126343	0.130084	0.134132	0.135504	0.137706	0.13668	0.139171	0.146623	0.142828	0.138596	0.141232	0.143663	0.143458	0.142579	0.143797	0.139867	0.141879	0.142326	0.140962	0.142043	0.140999	0.143488	0.144585	0.14209
22.0	0.686681	0.806549	0.775346	0.87905	0.880437	0.883019	0.930726	0.896946	0.903155	0.920905	0.921646	0.908038	0.917133	0.885837	0.900438	0.929533	0.898237	0.912838	0.928373	0.897077	0.911678	0.930373	0.899077	0.913678	0.932863	0.901567	0.916168	0.376554	0.379068	0.377779	0.517638	0.526385	0.517429	0.526614	0.553288	0.542045	0.519495	0.553911	0.546893	0.532799	0.548424	0.538406	0.537832	0.553457	0.543439	0.541722	0.557347	0.547329	0.547352	0.562923	0.552905	0.552362	0.567987	0.557969	0.108874	0.112574	0.117133	0.117694	0.121394	0.125953	0.13765	0.140284	0.13997	0.143604	0.150336	0.146707	0.142154	0.145662	0.149136	0.147178	0.147364	0.149002	0.145056	0.146803	0.148394	0.146742	0.147755	0.146078	0.151247	0.150138	0.149852
27.5	0.586121	0.691775	0.65229	0.878348	0.876018	0.886495	0.950148	0.917997	0.926552	0.942029	0.947431	0.935473	0.940218	0.914885	0.920059	0.952618	0.927285	0.932459	0.951458	0.926125	0.931299	0.953458	0.928125	0.933299	0.955948	0.930615	0.935789	0.298521	0.295941	0.3003	0.528052	0.52858	0.520855	0.566813	0.582811	0.571909	0.571788	0.590077	0.584651	0.574475	0.583908	0.577061	0.579508	0.588941	0.582094	0.583398	0.592831	0.585984	0.589028	0.598407	0.59156	0.594038	0.603471	0.596624	0.101387	0.104821	0.109542	0.110207	0.113641	0.118362	0.141016	0.142487	0.14115	0.149162	0.155981	0.151785	0.148201	0.15102	0.154835	0.155309	0.152513	0.153394	0.151456	0.152506	0.154565	0.154487	0.15376	0.152517	0.159384	0.157958	0.156358
33.0	0.552827	0.637809	0.594818	0.875196	0.875387	0.883259	0.959724	0.937643	0.941033	0.953635	0.964087	0.949018	0.958058	0.93075	0.931894	0.970458	0.94315	0.944294	0.969298	0.94199	0.943134	0.971298	0.94399	0.945134	0.973788	0.94648	0.947624	0.262884	0.257849	0.259521	0.534221	0.528234	0.51707	0.597976	0.615512	0.602941	0.617369	0.629805	0.623485	0.608708	0.621617	0.610758	0.613741	0.62665	0.615791	0.617631	0.63054	0.619681	0.623261	0.636116	0.625257	0.628271	0.64118	0.630321	0.096506	0.099618	0.105871	0.105326	0.108438	0.114691	0.142634	0.144537	0.142311	0.156426	0.16301	0.15886	0.156215	0.158574	0.163524	0.162061	0.160166	0.162655	0.159727	0.161094	0.163177	0.162445	0.162804	0.159977	0.170016	0.16850300000000001	0.16633
38.5	0.545827	0.622055	0.576927	0.878244	0.880857	0.884465	0.96907	0.946987	0.950134	0.958662	0.97457	0.963694	0.969128	0.943935	0.942966	0.981528	0.956335	0.955366	0.980368	0.955175	0.954206	0.982368	0.957175	0.956206	0.984858	0.959665	0.958696	0.249474	0.244366	0.244039	0.543536	0.536542	0.526416	0.62449	0.645156	0.63089	0.648488	0.659878	0.656047	0.63954	0.654285	0.641638	0.644573	0.659318	0.646671	0.648463	0.663208	0.650561	0.654093	0.668784	0.656137	0.659103	0.673848	0.661201	0.094016	0.097573	0.100641	0.102836	0.106393	0.109461	0.145104	0.147416	0.147401	0.164568	0.173195	0.167126	0.163765	0.167595	0.173036	0.170642	0.16912	0.169425	0.169311	0.170407	0.171786	0.172883	0.173008	0.169988	0.183331	0.181571	0.178447
44.0	0.538286	0.608862	0.568429	0.881793	0.882059	0.882575	0.975048	0.952868	0.955648	0.974444	0.985244	0.971079	0.97804	0.954088	0.949446	0.99044	0.966488	0.961846	0.98928	0.965328	0.960686	0.99128	0.967328	0.962686	0.99377	0.969818	0.965176	0.244225	0.237161	0.237206	0.557535	0.549238	0.539683	0.653415	0.673377	0.659589	0.673387	0.687368	0.683481	0.663228	0.681435	0.670565	0.668261	0.686468	0.675598	0.672151	0.690358	0.679488	0.677781	0.695934	0.685064	0.682791	0.700998	0.690128	0.094009	0.095852	0.100721	0.102829	0.104672	0.109541	0.149942	0.15143	0.152245	0.175271	0.183232	0.177501	0.174091	0.178059	0.183587	0.181238	0.180407	0.180828	0.18126	0.181488	0.183034	0.187051	0.185403	0.182861	0.199897	0.196846	0.193281
49.5	0.533108	0.606251	0.566861	0.885763	0.885973	0.887741	0.982298	0.96367	0.963353	0.979796	0.991505	0.978012	0.98747	0.962931	0.961477	0.99987	0.975331	0.973877	0.99871	0.974171	0.972717	1.00071	0.976171	0.974717	1.0032	0.978661	0.977207	0.227831	0.220956	0.221796	0.565992	0.560104	0.550499	0.670123	0.688328	0.678296	0.689871	0.707797	0.699353	0.68318	0.700248	0.685867	0.688213	0.705281	0.6909	0.692103	0.709171	0.69479	0.697733	0.714747	0.700366	0.702743	0.719811	0.70543	0.094078	0.095226	0.099843	0.102898	0.104046	0.108663	0.15541	0.158321	0.157899	0.188787	0.196817	0.189621	0.187842	0.192513	0.197022	0.195686	0.193489	0.193889	0.195873	0.195925	0.197286	0.203032	0.201173	0.198572	0.218878	0.215858	0.21037
55.0	0.51016	0.60162	0.562068	0.887246	0.891063	0.892125	0.984059	0.971069	0.97003	0.986304	0.999514	0.984362	0.99154	0.9722	0.967605	1.00394	0.9846	0.980005	1.00278	0.98344	0.978845	1.00478	0.98544	0.980845	1.00727	0.98793	0.983335	0.200451	0.195102	0.195262	0.565757	0.561164	0.552892	0.682464	0.696627	0.691156	0.701636	0.722771	0.717091	0.694846	0.711609	0.703376	0.699879	0.716642	0.708409	0.703769	0.720532	0.712299	0.709399	0.726108	0.717875	0.714409	0.731172	0.722939	0.095069	0.094852	0.099567	0.103889	0.103672	0.108387	0.163148	0.165125	0.164356	0.203257	0.212624	0.204145	0.202782	0.208582	0.214007	0.209663	0.207702	0.208045	0.212452	0.211133	0.214245	0.221044	0.21907	0.215422	0.239887	0.236228	0.229482
66.0	0.41187	0.534241	0.482054	0.888553	0.883932	0.897931	0.977401	0.97328	0.970902	0.981715	0.997297	0.995993	0.98677	0.9793	0.971035	0.99917	0.9917	0.983435	0.99801	0.99054	0.982275	1.00001	0.99254	0.984275	1.0025	0.99503	0.986765	0.175224	0.173875	0.170523	0.517136	0.506741	0.508975	0.70355	0.715208	0.712745	0.730068	0.742401	0.739729	0.726821	0.729788	0.727471	0.731854	0.734821	0.732504	0.735744	0.738711	0.736394	0.741374	0.744287	0.74197	0.746384	0.749351	0.747034	0.096763	0.095009	0.100433	0.105583	0.103829	0.109253	0.179201	0.179384	0.179756	0.2406	0.254868	0.245799	0.242733	0.253473	0.255452	0.249314	0.250005	0.248478	0.25592	0.255537	0.256857	0.267443	0.265616	0.260618	0.302403	0.290325	0.276991
71.5	0.381921	0.49586	0.435451	0.884194	0.879092	0.889621	0.972747	0.967543	0.968099	0.982943	0.993982	0.994689	0.98778	0.976562	0.97088	1.00018	0.988962	0.98328	0.99902	0.987802	0.98212	1.00102	0.989802	0.98412	1.00351	0.992292	0.98661	0.172593	0.171178	0.167566	0.491046	0.479658	0.480983	0.705716	0.717126	0.713801	0.741706	0.750514	0.749524	0.737168	0.742007	0.73648	0.742201	0.74704	0.741513	0.746091	0.75093	0.745403	0.751721	0.756506	0.750979	0.756731	0.76157	0.756043	0.095608	0.095086	0.099094	0.104428	0.103906	0.107914	0.182931	0.184315	0.184838	0.257604	0.273647	0.264769	0.263366	0.273427	0.277779	0.27047	0.271663	0.268948	0.28096	0.276029	0.278318	0.290275	0.28739	0.282613	0.330934	0.31811	0.302158
77.0	0.363148	0.471295	0.408144	0.881707	0.875537	0.887172	0.973169	0.967405	0.966021	0.982731	0.993403	0.993225	0.98805	0.977838	0.968426	1.00045	0.990238	0.980826	0.99929	0.989078	0.979666	1.00129	0.991078	0.981666	1.00378	0.993568	0.984156	0.170249	0.169724	0.166038	0.473539	0.462153	0.462505	0.705478	0.715468	0.714144	0.743557	0.753655	0.749676	0.74108	0.744467	0.738653	0.746113	0.7495	0.743686	0.750003	0.75339	0.747576	0.755633	0.758966	0.753152	0.760643	0.76403	0.758216	0.097703	0.094888	0.098939	0.106523	0.103708	0.107759	0.18618	0.187982	0.187807	0.272734	0.291841	0.280253	0.281634	0.292606	0.2957	0.290095	0.291016	0.287336	0.300215	0.295104	0.297846	0.311884	0.309243	0.30275	0.350862	0.340112	0.323562
92.5	0.33547	0.429769	0.367864	0.872551	0.865981	0.874407	0.968234	0.965591	0.961197	0.981907	0.990023	0.988972	0.98704	0.980669	0.970278	0.99944	0.993069	0.982678	0.99828	0.991909	0.981518	1.00028	0.993909	0.983518	1.00277	0.996399	0.986008	0.166625	0.167662	0.163167	0.435451	0.422872	0.424369	0.70902	0.717703	0.716022	0.755574	0.765186	0.758526	0.754065	0.757128	0.753301	0.759098	0.762161	0.758334	0.762988	0.766051	0.762224	0.768618	0.771627	0.7678	0.773628	0.776691	0.772864	0.09441	0.095459	0.098826	0.10323	0.104279	0.107646	0.187305	0.192401	0.190596	0.323322	0.343071	0.331875	0.343076	0.355108	0.361712	0.351431	0.359243	0.348438	0.364684	0.359474	0.360936	0.378561	0.376765	0.360972	0.414121	0.403926	0.38526
99.0	0.33547	0.429769	0.367864	0.872551	0.865981	0.874407	0.968234	0.965591	0.961197	0.981907	0.990023	0.988972	0.98704	0.980669	0.970278	0.99944	0.993069	0.982678	0.99828	0.991909	0.981518	1.00028	0.993909	0.983518	1.00277	0.996399	0.986008	0.166625	0.167662	0.163167	0.435451	0.422872	0.424369	0.70902	0.717703	0.716022	0.755574	0.765186	0.758526	0.754065	0.757128	0.753301	0.759098	0.762161	0.758334	0.762988	0.766051	0.762224	0.768618	0.771627	0.7678	0.773628	0.776691	0.772864	0.09441	0.095459	0.098826	0.10323	0.104279	0.107646	0.187305	0.192401	0.190596	0.323322	0.343071	0.331875	0.343076	0.355108	0.361712	0.351431	0.359243	0.348438	0.364684	0.359474	0.360936	0.378561	0.376765	0.360972	0.414121	0.403926	0.38526
105.5	0.323579	0.41966	0.359492	0.86858	0.859807	0.869683	0.969121	0.965078	0.957796	0.982657	0.991758	0.988784	0.9866	0.980304	0.97013	0.999	0.992704	0.98253	0.99784	0.991544	0.98137	0.99984	0.993544	0.98337	1.00233	0.996034	0.98586	0.165392	0.166796	0.161727	0.415636	0.401536	0.404719	0.706214	0.716219	0.714238	0.755605	0.764184	0.761996	0.753892	0.759823	0.754849	0.758925	0.764856	0.759882	0.762815	0.768746	0.763772	0.768445	0.774322	0.769348	0.773455	0.779386	0.774412	0.095272	0.094779	0.099043	0.104092	0.103599	0.107863	0.181208	0.185262	0.18413	0.337392	0.359233	0.345365	0.365856	0.377649	0.384119	0.374719	0.381357	0.370372	0.386141	0.382628	0.384282	0.40111	0.401949	0.385444	0.436284	0.431311	0.412258
112.0	0.30937	0.412149	0.350438	0.86483	0.855373	0.86397	0.966616	0.963789	0.95281	0.986147	0.99118	0.988436	0.98969	0.982569	0.969541	1.00209	0.994969	0.981941	1.00093	0.993809	0.980781	1.00293	0.995809	0.982781	1.00542	0.998299	0.985271	0.164465	0.166208	0.161944	0.381147	0.367454	0.37085	0.705628	0.718188	0.713734	0.760267	0.765238	0.764077	0.757743	0.763191	0.756625	0.762776	0.768224	0.761658	0.766666	0.772114	0.765548	0.772296	0.77769	0.771124	0.777306	0.782754	0.776188	0.094334	0.09446	0.098657	0.103154	0.10328	0.107477	0.16801	0.172637	0.170416	0.345415	0.365587	0.354677	0.386615	0.402175	0.409293	0.397709	0.406452	0.395368	0.412342	0.404726	0.40681	0.427291	0.425836	0.409462	0.457092	0.453946	0.4356
118.5	0.294764	0.403454	0.340089	0.863367	0.85289	0.860088	0.968922	0.964726	0.952195	0.983556	0.992566	0.987934	0.9925	0.981951	0.96925	1.0049	0.994351	0.98165	1.00374	0.993191	0.98049	1.00574	0.995191	0.98249	1.00823	0.997681	0.98498	0.163929	0.166031	0.161126	0.346706	0.326968	0.334801	0.708939	0.720415	0.714746	0.760552	0.767963	0.767519	0.759126	0.764958	0.760145	0.764159	0.769991	0.765178	0.768049	0.773881	0.769068	0.773679	0.779457	0.774644	0.778689	0.784521	0.779708	0.094155	0.094073	0.0972	0.102975	0.102893	0.10602	0.150776	0.152619	0.151259	0.349717	0.367583	0.356784	0.409885	0.422363	0.430138	0.423108	0.430136	0.419144	0.43595	0.428366	0.432799	0.448672	0.44846	0.432128	0.477008	0.474101	0.457967
125.0	0.284436	0.393962	0.327635	0.861456	0.850104	0.859384	0.969784	0.964814	0.953581	0.989171	0.994013	0.989474	0.99782	0.983881	0.970092	1.01022	0.996281	0.982492	1.00906	0.995121	0.981332	1.01106	0.997121	0.983332	1.01355	0.999611	0.985822	0.163088	0.165648	0.160188	0.316228	0.292126	0.30316	0.705917	0.718117	0.717449	0.76031	0.767501	0.766148	0.759918	0.764584	0.76164	0.764951	0.769617	0.766673	0.768841	0.773507	0.770563	0.774471	0.779083	0.776139	0.779481	0.784147	0.781203	0.095386	0.093963	0.097459	0.104206	0.102783	0.106279	0.134715	0.135001	0.134793	0.345428	0.362508	0.354794	0.426027	0.439342	0.445692	0.444972	0.449271	0.439386	0.454758	0.447793	0.453164	0.466081	0.465209	0.450443	0.493743	0.493312	0.477803
131.5	0.275819	0.381214	0.313189	0.862028	0.848795	0.859477	0.967523	0.963274	0.95104	0.995487	0.992497	0.988789	1.00298	0.98788	0.970247	1.01538	1.00028	0.982647	1.01422	0.99912	0.981487	1.01622	1.00112	0.983487	1.01871	1.00361	0.985977	0.162122	0.165359	0.160128	0.291409	0.265684	0.279259	0.705381	0.716399	0.716301	0.760859	0.768892	0.765678	0.760767	0.765862	0.763966	0.7658	0.770895	0.768999	0.76969	0.774785	0.772889	0.77532	0.780361	0.778465	0.78033	0.785425	0.783529	0.093204	0.093578	0.097131	0.102024	0.102398	0.105951	0.123105	0.122441	0.122142	0.327889	0.340417	0.336674	0.432739	0.448689	0.453447	0.459176	0.465518	0.45674	0.472486	0.467217	0.469268	0.483773	0.484153	0.468692	0.511512	0.514495	0.496065
138.0	0.269682	0.360833	0.296976	0.865069	0.85074	0.85962	0.970877	0.966508	0.954123	0.999195	0.995904	0.989729	1.00585	0.99253	0.97493	1.01825	1.00493	0.98733	1.01709	1.00377	0.98617	1.01909	1.00577	0.98817	1.02158	1.00826	0.99066	0.161371	0.164668	0.159357	0.273247	0.246334	0.260068	0.707219	0.717349	0.715595	0.763639	0.768303	0.76594	0.763683	0.76639	0.766956	0.768716	0.771423	0.771989	0.772606	0.775313	0.775879	0.778236	0.780889	0.781455	0.783246	0.785953	0.786519	0.093942	0.093599	0.097378	0.102762	0.102419	0.106198	0.116669	0.115531	0.11548	0.291353	0.304635	0.298731	0.441439	0.456136	0.463573	0.477435	0.482784	0.474617	0.49124	0.487003	0.492125	0.501621	0.503672	0.486262	0.526158	0.529098	0.514547
144.5	0.264503	0.346318	0.287181	0.864943	0.850531	0.859691	0.974901	0.970383	0.95517	1.00211	1.0001	0.992471	1.00737	0.99478	0.975988	1.01977	1.00718	0.988388	1.01861	1.00602	0.987228	1.02061	1.00802	0.989228	1.0231	1.01051	0.991718	0.160662	0.163794	0.158811	0.258749	0.230992	0.24564	0.70673	0.715578	0.715535	0.765924	0.769358	0.766028	0.764464	0.768332	0.769326	0.769497	0.773365	0.774359	0.773387	0.777255	0.778249	0.779017	0.782831	0.783825	0.784027	0.787895	0.788889	0.09341	0.093201	0.096231	0.10223	0.102021	0.105051	0.112154	0.111686	0.112071	0.242512	0.255141	0.246863	0.441614	0.456976	0.464978	0.491956	0.50055	0.489662	0.508009	0.505146	0.509602	0.517686	0.519725	0.503726	0.5393	0.54337	0.527744
151.0	0.261779	0.33607	0.281633	0.864853	0.851868	0.860399	0.975595	0.970627	0.95692	1.00472	1.00338	0.994366	1.00935	0.99632	0.979621	1.02175	1.00872	0.992021	1.02059	1.00756	0.990861	1.02259	1.00956	0.992861	1.02508	1.01205	0.995351	0.160853	0.164274	0.158407	0.248315	0.220488	0.234265	0.704924	0.715224	0.714382	0.768399	0.76982	0.767594	0.767427	0.770629	0.772269	0.77246	0.775662	0.777302	0.77635	0.779552	0.781192	0.78198	0.785128	0.786768	0.78699	0.790192	0.791832	0.093282	0.092995	0.097274	0.102102	0.101815	0.106094	0.110619	0.109815	0.109719	0.193611	0.204458	0.198637	0.434182	0.449037	0.456835	0.503274	0.512066	0.500917	0.522609	0.518218	0.522513	0.531261	0.532023	0.52035	0.545301	0.552325	0.539383
157.5	0.259642	0.32898	0.277364	0.864655	0.851118	0.859771	0.977702	0.97344	0.958568	1.00502	1.00712	0.9969	1.01121	0.99792	0.98135	1.02361	1.01032	0.99375	1.02245	1.00916	0.99259	1.02445	1.01116	0.99459	1.02694	1.01365	0.99708	0.160258	0.164095	0.157852	0.240612	0.212474	0.226307	0.703566	0.71619	0.714788	0.769987	0.771741	0.770552	0.768898	0.771299	0.775403	0.773931	0.776332	0.780436	0.777821	0.780222	0.784326	0.783451	0.785798	0.789902	0.788461	0.790862	0.794966	0.093745	0.093129	0.096699	0.102565	0.101949	0.105519	0.109705	0.108606	0.10775	0.159958	0.166873	0.16497	0.417897	0.430028	0.438395	0.51222	0.518597	0.508156	0.533268	0.530295	0.534613	0.538984	0.543211	0.530384	0.551761	0.559164	0.547337
164.0	0.259109	0.321491	0.271989	0.864174	0.85106	0.859638	0.979428	0.974244	0.959458	1.00597	1.00732	0.997861	1.01158	0.99977	0.981615	1.02398	1.01217	0.994015	1.02282	1.01101	0.992855	1.02482	1.01301	0.994855	1.02731	1.0155	0.997345	0.159926	0.162988	0.157711	0.235802	0.207367	0.221156	0.704279	0.713823	0.716179	0.772831	0.774795	0.772571	0.771686	0.774705	0.777687	0.776719	0.779738	0.78272	0.780609	0.783628	0.78661	0.786239	0.789204	0.792186	0.791249	0.794268	0.79725	0.091959	0.092501	0.096277	0.100779	0.101321	0.105097	0.107897	0.107536	0.106691	0.140602	0.146195	0.145942	0.389879	0.402957	0.410533	0.514454	0.519851	0.510623	0.539171	0.53649	0.539601	0.545895	0.5489	0.53723	0.558746	0.565375	0.552396
180.0	0.252947	0.298574	0.261805	0.854352	0.84242	0.853035	0.977749	0.978193	0.960993	0.999214	1.01238	1.00199	1.00127	1.00061	0.976831	1.01367	1.01301	0.989231	1.01251	1.01185	0.988071	1.01451	1.01385	0.990071	1.017	1.01634	0.992561	0.158852	0.162344	0.156467	0.229734	0.198178	0.215201	0.701398	0.716354	0.711017	0.783507	0.776233	0.780547	0.781511	0.779247	0.782498	0.786544	0.78428	0.787531	0.790434	0.78817	0.791421	0.796064	0.793746	0.796997	0.801074	0.79881	0.802061	0.092039	0.093085	0.095818	0.100859	0.101905	0.104638	0.105945	0.106772	0.106041	0.118452	0.122883	0.1222	0.260377	0.265359	0.269082	0.509431	0.517503	0.496301	0.554641	0.553812	0.553826	0.565069	0.566681	0.556196	0.574105	0.581864	0.564434
185.5	0.254107	0.299055	0.263797	0.858459	0.848744	0.857515	0.979098	0.975474	0.958839	0.99756	1.00504	1.00128	1.00207	0.99266	0.9816	1.01447	1.00506	0.994	1.01331	1.0039	0.99284	1.01531	1.0059	0.99484	1.0178	1.00839	0.99733	0.159591	0.162827	0.157786	0.22848	0.195287	0.214195	0.693732	0.708356	0.711406	0.77594	0.778497	0.77686	0.777801	0.784063	0.786201	0.782834	0.789096	0.791234	0.786724	0.792986	0.795124	0.792354	0.798562	0.8007	0.797364	0.803626	0.805764	0.091745	0.092502	0.095246	0.100565	0.101322	0.104066	0.105837	0.106006	0.105355	0.116811	0.120699	0.119188	0.235505	0.242324	0.24505	0.497157	0.500916	0.484152	0.552249	0.554341	0.552268	0.56492	0.565262	0.55267	0.568385	0.577194	0.563962
191.0	0.253067	0.298148	0.262788	0.862522	0.845214	0.857758	0.974779	0.970474	0.959243	0.999346	1.00479	0.999854	1.0068	0.99523	0.98587	1.0192	1.00763	0.99827	1.01804	1.00647	0.99711	1.02004	1.00847	0.99911	1.02253	1.01096	1.0016	0.159696	0.16289	0.157192	0.226992	0.193523	0.212644	0.699446	0.712819	0.712026	0.784707	0.779483	0.780305	0.782772	0.784929	0.791854	0.787805	0.789962	0.796887	0.791695	0.793852	0.800777	0.797325	0.799428	0.806353	0.802335	0.804492	0.811417	0.09195	0.09264	0.095699	0.10077	0.10146	0.104519	0.105527	0.104827	0.104105	0.115244	0.119956	0.119428	0.220035	0.226347	0.228957	0.492943	0.497323	0.478949	0.552788	0.554981	0.553028	0.561916	0.565867	0.555817	0.572352	0.581721	0.565853
196.5	0.251635	0.297445	0.262114	0.86507	0.848554	0.859566	0.974361	0.972363	0.958801	1.0012	1.00809	0.9996	1.00939	0.9978	0.98434	1.02179	1.0102	0.99674	1.02063	1.00904	0.99558	1.02263	1.01104	0.99758	1.02512	1.01353	1.00007	0.159364	0.162685	0.157013	0.226216	0.192092	0.210735	0.700018	0.713321	0.712627	0.784748	0.781892	0.783836	0.782598	0.786151	0.794084	0.787631	0.791184	0.799117	0.791521	0.795074	0.803007	0.797151	0.80065	0.808583	0.802161	0.805714	0.813647	0.092799	0.091949	0.094941	0.101619	0.100769	0.103761	0.10546	0.104222	0.10362	0.114864	0.118029	0.118352	0.210027	0.214508	0.218248	0.488449	0.490725	0.472474	0.552689	0.556555	0.555163	0.567192	0.569549	0.559243	0.576656	0.58484	0.569192
202.0	0.249629	0.296066	0.260699	0.865535	0.848945	0.859395	0.976716	0.973052	0.95822	1.0066	1.00893	1.00012	1.01122	1.0007	0.983843	1.02362	1.0131	0.996243	1.02246	1.01194	0.995083	1.02446	1.01394	0.997083	1.02695	1.01643	0.999573	0.159174	0.162179	0.157015	0.224909	0.190587	0.209541	0.70043	0.714771	0.710676	0.785158	0.785729	0.784356	0.78518	0.786948	0.796289	0.790213	0.791981	0.801322	0.794103	0.795871	0.805212	0.799733	0.801447	0.810788	0.804743	0.806511	0.815852	0.091261	0.092026	0.095194	0.100081	0.100846	0.104014	0.104609	0.104894	0.103888	0.114177	0.118078	0.117313	0.20198	0.206304	0.209927	0.484566	0.486388	0.465377	0.551519	0.560485	0.556303	0.570685	0.575503	0.564183	0.580152	0.588615	0.573653
207.5	0.247545	0.29396	0.259558	0.865991	0.848019	0.859435	0.976342	0.975122	0.958315	1.00742	1.00888	1.00071	1.01218	1.00189	0.98424	1.02458	1.01429	0.99664	1.02342	1.01313	0.99548	1.02542	1.01513	0.99748	1.02791	1.01762	0.99997	0.159321	0.162195	0.156205	0.222561	0.188863	0.206664	0.699391	0.71464	0.709771	0.786732	0.786054	0.785893	0.785767	0.786324	0.798118	0.7908	0.791357	0.803151	0.79469	0.795247	0.807041	0.80032	0.800823	0.812617	0.80533	0.805887	0.817681	0.092062	0.092134	0.095214	0.100882	0.100954	0.104034	0.105024	0.103736	0.10426	0.113738	0.116863	0.116531	0.196321	0.200581	0.204322	0.476452	0.477993	0.455744	0.552865	0.5615	0.556163	0.574036	0.577628	0.56726	0.583528	0.592115	0.578483
213.0	0.245914	0.292971	0.25887	0.866793	0.848199	0.859583	0.977092	0.976651	0.956519	1.00669	1.0114	0.999882	1.01486	1.00243	0.98496	1.02726	1.01483	0.99736	1.0261	1.01367	0.9962	1.0281	1.01567	0.9982	1.03059	1.01816	1.00069	0.15897	0.16203	0.156758	0.220106	0.187265	0.204118	0.69796	0.713919	0.708122	0.78701	0.787251	0.78703	0.786572	0.790664	0.801019	0.791605	0.795697	0.806052	0.795495	0.799587	0.809942	0.801125	0.805163	0.815518	0.806135	0.810227	0.820582	0.091913	0.092142	0.095379	0.100733	0.100962	0.104199	0.103552	0.10368	0.103322	0.113241	0.117053	0.116493	0.192342	0.19636	0.200609	0.467107	0.466108	0.441284	0.553637	0.563528	0.556106	0.578663	0.577672	0.570128	0.588378	0.596893	0.582985
218.5	0.245089	0.291668	0.257663	0.866893	0.847986	0.860128	0.976633	0.976253	0.960023	1.00713	1.01256	1.00242	1.0171	1.00463	0.98609	1.0295	1.01703	0.99849	1.02834	1.01587	0.99733	1.03034	1.01787	0.99933	1.03283	1.02036	1.00182	0.159168	0.162393	0.157057	0.21765	0.185699	0.202547	0.696558	0.713349	0.707682	0.79116	0.792645	0.789374	0.7898	0.795399	0.804959	0.794833	0.800432	0.809992	0.798723	0.804322	0.813882	0.804353	0.809898	0.819458	0.809363	0.814962	0.824522	0.091853	0.092067	0.094407	0.100673	0.100887	0.103227	0.103421	0.104162	0.102883	0.113255	0.115862	0.115302	0.190245	0.192297	0.19738	0.453835	0.453234	0.427225	0.554456	0.567064	0.556972	0.582388	0.583321	0.574116	0.592645	0.600471	0.586329
224.0	0.243884	0.290861	0.256232	0.867576	0.847781	0.85969	0.978311	0.977184	0.95951	1.01124	1.012	1.004	1.01857	1.00523	0.98744	1.03097	1.01763	0.99984	1.02981	1.01647	0.99868	1.03181	1.01847	1.00068	1.0343	1.02096	1.00317	0.159182	0.162508	0.156545	0.215741	0.184632	0.200869	0.694361	0.712949	0.705806	0.790809	0.79321	0.788795	0.792013	0.796413	0.80842	0.797046	0.801446	0.813453	0.800936	0.805336	0.817343	0.806566	0.810912	0.822919	0.811576	0.815976	0.827983	0.091538	0.092276	0.095728	0.100358	0.101096	0.104548	0.103996	0.102988	0.102759	0.113622	0.116278	0.116283	0.18715	0.190717	0.195974	0.440226	0.437922	0.412081	0.55426	0.567861	0.557429	0.586713	0.586107	0.578494	0.596272	0.604089	0.58939
229.5	0.242938	0.290052	0.256007	0.867942	0.847788	0.859076	0.976311	0.98063	0.96328	1.01	1.01599	1.00553	1.02027	1.00605	0.98723	1.03267	1.01845	0.99963	1.03151	1.01729	0.99847	1.03351	1.01929	1.00047	1.036	1.02178	1.00296	0.159083	0.16185	0.156404	0.21403	0.183896	0.199788	0.689682	0.709992	0.703516	0.795045	0.79695	0.793092	0.791261	0.798389	0.810819	0.796294	0.803422	0.815852	0.800184	0.807312	0.819742	0.805814	0.812888	0.825318	0.810824	0.817952	0.830382	0.091728	0.092537	0.095553	0.100548	0.101357	0.104373	0.102777	0.103384	0.103576	0.112911	0.116178	0.115314	0.185562	0.189062	0.194198	0.427064	0.424	0.397044	0.553375	0.568432	0.555171	0.588044	0.589938	0.579778	0.599754	0.607127	0.591613
