Time	curve_A	curve_B	curve_C	curve_D	curve_E	curve_F	curve_G	curve_H	curve_I	curve_J	curve_K	curve_L	curve_M	curve_N	curve_O	curve_P	curve_Q	curve_R	curve_S	curve_T	curve_U	curve_V	curve_W	curve_X	curve_Y	curve_Z	curve_AA
3.5	0.172096	0.172478	0.184257	0.17339	0.174372	0.181441	0.169662	0.170806	0.175125	0.172633	0.172704	0.176434	0.181191	0.198562	0.211286	0.190425	0.183479	0.19276	0.182959	0.181139	0.196905	0.165885	0.170203	0.178359	0.174705	0.179023	0.187179
14.0	0.172123	0.173557	0.182408	0.176426	0.176994	0.184023	0.174166	0.173121	0.180545	0.177635	0.176864	0.181754	0.18273	0.201045	0.217972	0.193521	0.185785	0.198111	0.18707	0.185024	0.200398	0.171907	0.1777	0.186807	0.180727	0.18652	0.195627
24.5	0.152488	0.14838	0.14581	0.181122	0.181258	0.186107	0.184872	0.184738	0.195158	0.187753	0.188904	0.197197	0.195684	0.211456	0.232282	0.204608	0.198391	0.214835	0.203127	0.204722	0.217246	0.191421	0.20187	0.209529	0.200241	0.21069	0.218349
31.5	0.11648	0.117456	0.124044	0.160686	0.159157	0.159715	0.196724	0.197849	0.207632	0.205034	0.208316	0.218488	0.213336	0.232774	0.251033	0.222439	0.213944	0.236511	0.223993	0.226319	0.240687	0.216591	0.226605	0.242044	0.225411	0.235425	0.250864
42.0	0.109667	0.111582	0.117113	0.14698	0.146955	0.152295	0.215106	0.218592	0.231062	0.23146	0.235432	0.251092	0.240689	0.260738	0.285719	0.252879	0.242484	0.269264	0.259897	0.26008	0.273289	0.253992	0.268225	0.281595	0.262812	0.277045	0.290415
52.5	0.107727	0.110137	0.11634	0.145287	0.146242	0.149891	0.244798	0.250667	0.268314	0.269546	0.274529	0.295635	0.280834	0.302298	0.331576	0.292173	0.282146	0.316826	0.302779	0.305483	0.321423	0.303136	0.315396	0.334164	0.311956	0.324216	0.342984
59.5	0.154999	0.164423	0.143439	0.186474	0.194513	0.208469	0.299435	0.320934	0.309535	0.303625	0.34263	0.336015	0.318504	0.359893	0.365291	0.328265	0.339467	0.357107	0.350842	0.372455	0.361866	0.352465	0.358537	0.381156	0.361285	0.367357	0.389976
70.0	0.112145	0.11254	0.120029	0.137455	0.138425	0.142245	0.297313	0.31033	0.32801	0.343754	0.355667	0.378428	0.361425	0.383126	0.417295	0.37415	0.364995	0.404058	0.387821	0.395108	0.407936	0.399449	0.408514	0.428075	0.408269	0.417334	0.436895
80.5	0.112092	0.112504	0.119705	0.130436	0.131555	0.134495	0.322843	0.33823	0.349689	0.388915	0.398538	0.419525	0.406951	0.427102	0.460097	0.421158	0.410951	0.448083	0.437043	0.442064	0.455369	0.449411	0.458953	0.480056	0.458231	0.467773	0.488876
94.5	0.110611	0.111065	0.118394	0.120872	0.123398	0.125068	0.339611	0.34824	0.354236	0.437467	0.450368	0.467226	0.465762	0.487382	0.523804	0.480806	0.469876	0.513247	0.5068	0.506089	0.516602	0.512242	0.515691	0.532781	0.521062	0.524511	0.541601
105.0	0.109925	0.111599	0.11761	0.114976	0.118167	0.1199	0.32444	0.327304	0.317057	0.467059	0.476126	0.49003	0.504947	0.526618	0.556968	0.519756	0.509836	0.547492	0.540946	0.543595	0.550988	0.543971	0.547227	0.564463	0.552791	0.556047	0.573283
115.5	0.109289	0.110591	0.116879	0.112386	0.115814	0.118395	0.260815	0.255097	0.220912	0.474578	0.480531	0.489112	0.534139	0.558049	0.582168	0.553468	0.542058	0.575263	0.570076	0.573795	0.580364	0.572744	0.575376	0.589736	0.581564	0.584196	0.598556
126.0	0.109164	0.109958	0.11684	0.11081	0.114984	0.118187	0.181123	0.173318	0.154122	0.465262	0.473034	0.466758	0.55873	0.57957	0.602811	0.581377	0.569654	0.602133	0.597826	0.600217	0.603486	0.593166	0.5947	0.606623	0.601986	0.60352	0.615443
129.5	0.109167	0.110038	0.11747	0.111647	0.114616	0.117101	0.150588	0.146111	0.138803	0.457502	0.454755	0.436213	0.56913	0.591064	0.609028	0.593802	0.579909	0.613998	0.613277	0.611737	0.616232	0.604441	0.602064	0.613367	0.613261	0.610884	0.622187
143.5	0.108216	0.109648	0.117103	0.110312	0.113754	0.117013	0.127542	0.127264	0.128028	0.403543	0.388759	0.354657	0.576909	0.590965	0.596141	0.610961	0.600964	0.620879	0.62984	0.626936	0.629255	0.615768	0.617987	0.629006	0.624588	0.626807	0.637826
150.5	0.10813	0.109226	0.116655	0.109103	0.113335	0.116293	0.122491	0.123963	0.127138	0.343232	0.326658	0.290685	0.570084	0.581306	0.586063	0.61548	0.604468	0.624627	0.632634	0.629082	0.634034	0.621133	0.619555	0.625219	0.629953	0.628375	0.634039
154.0	0.108071	0.109613	0.116766	0.109498	0.113031	0.115898	0.120938	0.12127	0.123905	0.310907	0.294486	0.261112	0.565844	0.573535	0.575776	0.619708	0.609084	0.62583	0.639454	0.634555	0.63816	0.62544	0.623778	0.632443	0.63426	0.632598	0.641263
164.5	0.10776	0.110033	0.11734	0.109032	0.112998	0.115262	0.119027	0.119144	0.123482	0.235901	0.22702	0.206173	0.546537	0.544177	0.548329	0.622941	0.611174	0.628588	0.644137	0.640152	0.644932	0.629363	0.628152	0.635793	0.638183	0.636972	0.644613
175.0	0.10767	0.109412	0.1172	0.108965	0.112951	0.115955	0.117943	0.118653	0.12223	0.198751	0.198055	0.183091	0.51515	0.503016	0.507104	0.626255	0.614183	0.630398	0.652209	0.649908	0.652589	0.638807	0.634662	0.643017	0.647627	0.643482	0.651837
185.5	0.107242	0.109031	0.117254	0.108672	0.11291	0.115832	0.117573	0.117896	0.121999	0.182634	0.183949	0.168452	0.478064	0.45719	0.451768	0.624576	0.614888	0.629745	0.655487	0.652856	0.65737	0.64248	0.640973	0.646675	0.6513	0.649793	0.655495
196.0	0.107191	0.108908	0.117532	0.108162	0.113636	0.115557	0.117334	0.117733	0.120683	0.171804	0.174879	0.159396	0.43467	0.403533	0.389807	0.623623	0.614532	0.629677	0.662105	0.658865	0.664229	0.649111	0.649611	0.653846	0.657931	0.658431	0.662666
206.5	0.106923	0.109059	0.117934	0.108325	0.111835	0.115348	0.117622	0.117792	0.119563	0.164089	0.166112	0.151338	0.386723	0.350613	0.337787	0.620403	0.615189	0.626316	0.667092	0.66295	0.668773	0.656879	0.656722	0.661598	0.665699	0.665542	0.670418
217.0	0.106909	0.109826	0.117924	0.107811	0.111112	0.115598	0.117825	0.118028	0.119676	0.156125	0.158663	0.145923	0.34493	0.305793	0.297226	0.616499	0.613269	0.621952	0.670718	0.667324	0.676176	0.659984	0.65921	0.666897	0.668804	0.66803	0.675717
227.5	0.107367	0.109249	0.118998	0.107803	0.112909	0.115644	0.118364	0.118634	0.119566	0.149961	0.152219	0.142372	0.310158	0.277779	0.270709	0.610429	0.610347	0.615939	0.675549	0.671822	0.682068	0.668362	0.668677	0.674642	0.677182	0.677497	0.683462
238.0	0.106909	0.108831	0.118113	0.107728	0.111529	0.116498	0.11871	0.118156	0.120044	0.144606	0.146667	0.139685	0.2867	0.264007	0.260799	0.602636	0.604094	0.607281	0.681895	0.67775	0.688106	0.67368	0.672305	0.681778	0.6825	0.681125	0.690598
248.5	0.106753	0.108801	0.117987	0.10789	0.112057	0.115745	0.11842	0.117718	0.120239	0.140248	0.142362	0.136477	0.275086	0.259749	0.259938	0.590218	0.594779	0.593946	0.68684	0.681255	0.693111	0.680645	0.680923	0.687951	0.689465	0.689743	0.696771
259.0	0.106747	0.109077	0.119552	0.107506	0.111657	0.115593	0.118215	0.11773	0.119777	0.1365	0.138374	0.135787	0.270551	0.2601	0.258672	0.572537	0.581791	0.577701	0.689917	0.687371	0.697326	0.687348	0.687166	0.695807	0.696168	0.695986	0.704627
269.5	0.107364	0.109162	0.12035	0.1077	0.111255	0.11611	0.118136	0.117493	0.119702	0.133913	0.13557	0.13502	0.270466	0.261477	0.254023	0.549235	0.561776	0.55417	0.694782	0.690127	0.702007	0.696718	0.696621	0.702609	0.705538	0.705441	0.711429
