curve_id	type	isolate_id	phage_id	pfu_ml	replicate
curve_A	uninfected_control	PAO1_AVAST_Type_V			1
curve_B	uninfected_control	PAO1_AVAST_Type_V			2
curve_C	uninfected_control	PAO1_AVAST_Type_V			3
curve_D	phage_exposed	PAO1_AVAST_Type_V	Pa36	1*10^7	1
curve_E	phage_exposed	PAO1_AVAST_Type_V	Pa36	1*10^7	2
curve_F	phage_exposed	PAO1_AVAST_Type_V	Pa36	1*10^7	3
curve_G	phage_exposed	PAO1_AVAST_Type_V	Pa36	1*10^6	1
curve_H	phage_exposed	PAO1_AVAST_Type_V	Pa36	1*10^6	2
curve_I	phage_exposed	PAO1_AVAST_Type_V	Pa36	1*10^6	3
