well_loc	type	isolate_id	phage_id	moi	replicate
A1	treated	isolate_1	ph_1	0.1	1
A2	treated	isolate_1	ph_1	0.1	2
A3	treated	isolate_1	ph_1	0.1	3
A4	treated	isolate_1	ph_1	0.1	4
A5	treated	isolate_1	ph_1	0.1	5
A6	treated	isolate_1	ph_1	0.1	6
A7	treated	isolate_1	ph_2	0.1	1
A8	treated	isolate_1	ph_2	0.1	2
A9	treated	isolate_1	ph_2	0.1	3
A10	treated	isolate_1	ph_2	0.1	4
A11	treated	isolate_1	ph_2	0.1	5
A12	treated	isolate_1	ph_2	0.1	6
B1	treated	isolate_1	ph_3	0.1	1
B2	treated	isolate_1	ph_3	0.1	2
B3	treated	isolate_1	ph_3	0.1	3
B4	treated	isolate_1	ph_3	0.1	4
B5	treated	isolate_1	ph_3	0.1	5
B6	treated	isolate_1	ph_3	0.1	6
B7	treated	isolate_1	ph_4	0.1	1
B8	treated	isolate_1	ph_4	0.1	2
B9	treated	isolate_1	ph_4	0.1	3
B10	treated	isolate_1	ph_4	0.1	4
B11	treated	isolate_1	ph_4	0.1	5
B12	treated	isolate_1	ph_4	0.1	6
C1	treated	isolate_1	ph_5	0.1	1
C2	treated	isolate_1	ph_5	0.1	2
C3	treated	isolate_1	ph_5	0.1	3
C4	treated	isolate_1	ph_5	0.1	4
C5	treated	isolate_1	ph_5	0.1	5
C6	treated	isolate_1	ph_5	0.1	6
C7	treated	isolate_1	ph_6	0.1	1
C8	treated	isolate_1	ph_6	0.1	2
C9	treated	isolate_1	ph_6	0.1	3
C10	treated	isolate_1	ph_6	0.1	4
C11	treated	isolate_1	ph_6	0.1	5
C12	treated	isolate_1	ph_6	0.1	6
D1	treated	isolate_1	ph_7	0.1	1
D2	treated	isolate_1	ph_7	0.1	2
D3	treated	isolate_1	ph_7	0.1	3
D4	treated	isolate_1	ph_7	0.1	4
D5	treated	isolate_1	ph_7	0.1	5
D6	treated	isolate_1	ph_7	0.1	6
D7	treated	isolate_1	ph_8	0.1	1
D8	treated	isolate_1	ph_8	0.1	2
D9	treated	isolate_1	ph_8	0.1	3
D10	treated	isolate_1	ph_8	0.1	4
D11	treated	isolate_1	ph_8	0.1	5
D12	treated	isolate_1	ph_8	0.1	6
E1	treated	isolate_1	ph_9	0.1	1
E2	treated	isolate_1	ph_9	0.1	2
E3	treated	isolate_1	ph_9	0.1	3
E4	treated	isolate_1	ph_9	0.1	4
E5	treated	isolate_1	ph_9	0.1	5
E6	treated	isolate_1	ph_9	0.1	6
E7	treated	isolate_1	ph_10	0.1	1
E8	treated	isolate_1	ph_10	0.1	2
E9	treated	isolate_1	ph_10	0.1	3
E10	treated	isolate_1	ph_10	0.1	4
E11	treated	isolate_1	ph_10	0.1	5
E12	treated	isolate_1	ph_10	0.1	6
F1	treated	isolate_1	ph_11	0.1	1
F2	treated	isolate_1	ph_11	0.1	2
F3	treated	isolate_1	ph_11	0.1	3
F4	treated	isolate_1	ph_11	0.1	4
F5	treated	isolate_1	ph_11	0.1	5
F6	treated	isolate_1	ph_11	0.1	6
F7	treated	isolate_1	ph_12	0.1	1
F8	treated	isolate_1	ph_12	0.1	2
F9	treated	isolate_1	ph_12	0.1	3
F10	treated	isolate_1	ph_12	0.1	4
F11	treated	isolate_1	ph_12	0.1	5
F12	treated	isolate_1	ph_12	0.1	6
G1	treated	isolate_1	ph_13	0.1	1
G2	treated	isolate_1	ph_13	0.1	2
G3	treated	isolate_1	ph_13	0.1	3
G4	treated	isolate_1	ph_13	0.1	4
G5	treated	isolate_1	ph_13	0.1	5
G6	treated	isolate_1	ph_13	0.1	6
G7	treated	isolate_1	ph_14	0.1	1
G8	treated	isolate_1	ph_14	0.1	2
G9	treated	isolate_1	ph_14	0.1	3
G10	treated	isolate_1	ph_14	0.1	4
G11	treated	isolate_1	ph_14	0.1	5
G12	treated	isolate_1	ph_14	0.1	6
H1	treated	isolate_1	ph_15	0.1	1
H2	treated	isolate_1	ph_15	0.1	2
H3	treated	isolate_1	ph_15	0.1	3
H4	treated	isolate_1	ph_15	0.1	4
H5	treated	isolate_1	ph_15	0.1	5
H6	treated	isolate_1	ph_15	0.1	6
H7	isolate_control	isolate_1			1
H8	isolate_control	isolate_1			2
H9	isolate_control	isolate_1			3
H10	blank				1
H11	blank				2
H12	blank				3
