curve_id	type	isolate_id	phage_id	treatment	replicate
curve_A	uninfected_control	PAO1_del_retS		untreated	1
curve_B	uninfected_control	PAO1_del_retS		untreated	2
curve_C	uninfected_control	PAO1_del_retS		untreated	3
curve_D	phage_exposed	PAO1_del_retS	JG005	single JG005	1
curve_E	phage_exposed	PAO1_del_retS	JG005	single JG005	2
curve_F	phage_exposed	PAO1_del_retS	JG005	single JG005	3
curve_G	phage_exposed	PAO1_del_retS	JG024	single JG024	1
curve_H	phage_exposed	PAO1_del_retS	JG024	single JG024	2
curve_I	phage_exposed	PAO1_del_retS	JG024	single JG024	3
curve_J	phage_exposed	PAO1_del_retS	JG005_JG024	JG005+JG024 combination	1
curve_K	phage_exposed	PAO1_del_retS	JG005_JG024	JG005+JG024 combination	2
curve_L	phage_exposed	PAO1_del_retS	JG005_JG024	JG005+JG024 combination	3
