Time	curve_A	curve_B	curve_C	curve_D	curve_E	curve_F	curve_G	curve_H	curve_I	curve_J	curve_K	curve_L
0	0.04873333	0.05043333	0.05006667	0.04723333	0.05023333	0.04793333	0.04513333	0.04996667	0.04886667	0.04973333	0.04856667	0.05376667
10	0.05146667	0.0548	0.0543	0.0499	0.05536667	0.0516	0.0422	0.04966667	0.04353333	0.04643333	0.0478	0.05223333
20	0.05923333	0.06063333	0.05653333	0.05586667	0.06073333	0.0554	0.0386	0.04646667	0.039	0.0435	0.0466	0.05056667
30	0.06673333	0.0719	0.06696667	0.06543333	0.06526667	0.0665	0.03476667	0.04553333	0.03853333	0.0476	0.04926667	0.0514
40	0.07506667	0.0779	0.07536667	0.07073333	0.07913333	0.0768	0.03863333	0.04566667	0.04	0.04496667	0.0425	0.05476667
50	0.08133333	0.08286667	0.0855	0.0825	0.08823333	0.084	0.04083333	0.04656667	0.04386667	0.04766667	0.0457	0.05016667
60	0.08873333	0.09421667	0.09066667	0.09663333	0.10233333	0.0921	0.04296667	0.05786667	0.0454	0.04903333	0.05373333	0.05083333
70	0.09503333	0.10455	0.09726667	0.10676667	0.10126667	0.0997	0.04343333	0.04983333	0.04476667	0.0498	0.04976667	0.05133333
80	0.10566667	0.11025	0.1013	0.1131	0.10873333	0.1082	0.0417	0.0495	0.0427	0.0482	0.0499	0.04993333
90	0.11403333	0.11675	0.1092	0.11966667	0.11393333	0.11896667	0.0351	0.04683333	0.03723333	0.04146667	0.04706667	0.04443333
100	0.12186667	0.12005	0.11746667	0.12343333	0.11916667	0.129	0.0261	0.0389	0.0277	0.0312	0.03723333	0.035
110	0.13436667	0.12865	0.1295	0.1318	0.1229	0.13996667	0.01736667	0.02776667	0.01833333	0.0212	0.02493333	0.02583333
120	0.146	0.13718333	0.14386667	0.14743333	0.1337	0.15506667	0.01066667	0.01576667	0.01096667	0.01403333	0.0159	0.01886667
130	0.15763333	0.14738333	0.16236667	0.1644	0.14243333	0.17366667	0.00653333	0.01093333	0.00626667	0.0092	0.00866667	0.01413333
140	0.17313333	0.15441667	0.18216667	0.18576667	0.15413333	0.19463333	0.00386667	0.00606667	0.00333333	0.00663333	0.00456667	0.01103333
150	0.1907	0.16681667	0.19956667	0.20253333	0.16593333	0.2176	0.00266667	0.00486667	0.0019	0.0054	0.00066667	0.00933333
160	0.21283333	0.18578333	0.21863333	0.21756667	0.18	0.24453333	0.00186667	0.00306667	0.0012	0.00463333	0.00246667	0.00866667
170	0.2346	0.19328333	0.24416667	0.24433333	0.1922	0.27316667	0.00156667	0.0024	0.00083333	0.00476667	0.00116667	0.00833333
180	0.2594	0.20565	0.27323333	0.2739	0.20756667	0.30476667	0.0016	0.00276667	0.00086667	0.00436667	0.00066667	0.00816667
190	0.293	0.22081667	0.30816667	0.3077	0.22566667	0.34613333	0.0016	0.00313333	0.0011	0.0044	0.00213333	0.0081
200	0.3277	0.23855	0.35103333	0.34846667	0.24056667	0.40563333	0.00143333	0.0031	0.0015	0.0044	0.0022	0.00813333
210	0.37366667	0.24948333	0.4068	0.39796667	0.25913333	0.47676667	0.00223333	0.0033	0.00176667	0.00463333	0.00226667	0.008
220	0.43243333	0.26585	0.45433333	0.4588	0.27983333	0.50316667	0.00136667	0.00343333	0.00223333	0.0045	0.00176667	0.00793333
230	0.47233333	0.28601667	0.48003333	0.51173333	0.30753333	0.51443333	0.00266667	0.0036	0.00256667	0.0047	0.00216667	0.0078
240	0.5031	0.30968333	0.51133333	0.54096667	0.33886667	0.54936667	0.00296667	0.00366667	0.00243333	0.00433333	0.0018	0.00773333
250	0.53366667	0.33848333	0.54336667	0.56813333	0.37353333	0.57983333	0.003	0.00386667	0.00266667	0.00466667	0.002	0.00793333
260	0.5525	0.38111667	0.5689	0.58353333	0.4082	0.6061	0.00316667	0.00386667	0.00303333	0.0047	0.00203333	0.00803333
270	0.56573333	0.42331667	0.58986667	0.60086667	0.4761	0.63206667	0.00333333	0.00393333	0.0033	0.00453333	0.00286667	0.00803333
280	0.58043333	0.48935	0.60763333	0.61936667	0.5253	0.6549	0.0032	0.0043	0.00323333	0.00473333	0.00333333	0.008
290	0.59756667	0.55715	0.62866667	0.64003333	0.56856667	0.68176667	0.00346667	0.004	0.00353333	0.00486667	0.0036	0.008
300	0.61656667	0.58031667	0.651	0.66173333	0.6009	0.71163333	0.00336667	0.004	0.0037	0.0049	0.00336667	0.00793333
310	0.6364	0.61361667	0.67466667	0.69196667	0.6271	0.7449	0.0033	0.0042	0.00383333	0.00483333	0.0034	0.00776667
320	0.66246667	0.62645	0.70296667	0.7292	0.65253333	0.7841	0.00366667	0.0042	0.0042	0.0049	0.00353333	0.00793333
330	0.69403333	0.63871667	0.73763333	0.779	0.6769	0.8345	0.00353333	0.00443333	0.00443333	0.00493333	0.00386667	0.00786667
340	0.73466667	0.65861667	0.77556667	0.85376667	0.69813333	0.90413333	0.00373333	0.0043	0.0043	0.00493333	0.00343333	0.00806667
350	0.7826	0.67121667	0.81633333	0.8322	0.7139	0.97626667	0.0037	0.0042	0.00476667	0.0049	0.00353333	0.0082
360	0.81736667	0.64508333	0.8652	1.0089	0.74143333	1.00396667	0.00366667	0.00416667	0.00496667	0.00503333	0.00353333	0.00816667
370	0.91196667	0.57838333	0.91836667	1.11803333	0.77816667	1.10166667	0.0036	0.0041	0.0051	0.00516667	0.00366667	0.00856667
380	1.0527	0.56208333	1.0274	1.16733333	0.8106	1.14113333	0.00366667	0.00423333	0.00536667	0.00506667	0.00383333	0.00866667
390	1.143	0.58498333	1.13363333	1.16723333	0.79973333	1.2075	0.0039	0.00463333	0.00593333	0.0052	0.004	0.00886667
400	1.14643333	0.63211667	1.1485	1.18836667	0.8108	1.2188	0.004	0.00476667	0.00626667	0.00543333	0.00403333	0.00933333
410	1.1684	0.74521667	1.14866667	1.20326667	0.92946667	1.21743333	0.0041	0.00486667	0.00676667	0.00553333	0.00396667	0.0097
420	1.1701	0.95078333	1.15016667	1.2158	1.04076667	1.22773333	0.00416667	0.00483333	0.0073	0.00556667	0.00416667	0.01063333
430	1.1796	1.04931667	1.1522	1.2235	1.11696667	1.23606667	0.0044	0.0049	0.00823333	0.00583333	0.00403333	0.01103333
440	1.19466667	1.10461667	1.15946667	1.2337	1.14116667	1.24533333	0.00453333	0.0051	0.00886667	0.00623333	0.00416667	0.01173333
450	1.20586667	1.11998333	1.1723	1.24516667	1.15596667	1.26036667	0.00493333	0.00516667	0.0099	0.00646667	0.0042	0.01293333
460	1.2181	1.12858333	1.1749	1.25496667	1.174	1.2718	0.0051	0.0053	0.01113333	0.0071	0.00413333	0.01456667
470	1.22683333	1.14018333	1.18476667	1.26323333	1.19	1.28213333	0.00563333	0.00573333	0.0129	0.00756667	0.0047	0.01586667
480	1.2357	1.15155	1.19163333	1.27146667	1.19713333	1.29546667	0.00603333	0.00596667	0.01516667	0.00823333	0.00473333	0.0185
490	1.25026667	1.16258333	1.20373333	1.27933333	1.2083	1.3077	0.00656667	0.00643333	0.0179	0.00873333	0.00503333	0.0211
500	1.25916667	1.17771667	1.21533333	1.28706667	1.21893333	1.32173333	0.0074	0.00673333	0.0218	0.00983333	0.00546667	0.02473333
510	1.26326667	1.19228333	1.22606667	1.28043333	1.23196667	1.3361	0.00823333	0.0071	0.02656667	0.01083333	0.00553333	0.02926667
520	1.27793333	1.20451667	1.22843333	1.2705	1.2456	1.3485	0.00953333	0.00756667	0.03263333	0.01256667	0.0059	0.03513333
530	1.28396667	1.22285	1.241	1.26136667	1.25653333	1.33716667	0.01106667	0.00856667	0.03993333	0.0144	0.0069	0.04103333
540	1.2935	1.23821667	1.25256667	1.25426667	1.26406667	1.35123333	0.01333333	0.00926667	0.0466	0.01736667	0.0075	0.04723333
550	1.29873333	1.25165	1.25893333	1.25193333	1.27183333	1.36296667	0.0163	0.01026667	0.05293333	0.0207	0.00826667	0.05293333
560	1.3033	1.26365	1.27093333	1.2497	1.2794	1.34393333	0.0205	0.01183333	0.0593	0.02503333	0.00963333	0.05916667
570	1.27893333	1.27431667	1.27983333	1.2625	1.2893	1.35336667	0.0252	0.0132	0.0659	0.0306	0.01126667	0.0641
580	1.23993333	1.28111667	1.2877	1.2757	1.2931	1.35496667	0.03133333	0.0153	0.07383333	0.037	0.01323333	0.0713
590	1.25456667	1.28668333	1.30203333	1.2927	1.26893333	1.36566667	0.03866667	0.01826667	0.08403333	0.04366667	0.01606667	0.07923333
600	1.2716	1.29241667	1.30573333	1.3118	1.26196667	1.36576667	0.04436667	0.0223	0.09476667	0.0494	0.0195	0.08946667
610	1.2933	1.29981667	1.3163	1.3299	1.24843333	1.36443333	0.0498	0.02626667	0.10726667	0.05476667	0.02406667	0.09873333
620	1.31573333	1.30808333	1.30673333	1.33176667	1.2475	1.35693333	0.05563333	0.032	0.12036667	0.0605	0.02953333	0.11076667
630	1.3379	1.31285	1.28013333	1.3444	1.26526667	1.36643333	0.06213333	0.0396	0.13356667	0.06753333	0.0358	0.12306667
640	1.35663333	1.31845	1.3015	1.35826667	1.28153333	1.37503333	0.069	0.04553333	0.1461	0.07463333	0.0427	0.1353
650	1.37616667	1.33041667	1.3098	1.36293333	1.29676667	1.3782	0.0781	0.05173333	0.1566	0.08353333	0.04856667	0.14686667
660	1.38483333	1.29158333	1.30913333	1.36823333	1.30133333	1.3744	0.08803333	0.05823333	0.1658	0.09353333	0.05466667	0.15743333
670	1.39046667	1.29101667	1.31713333	1.36826667	1.3234	1.3658	0.09856667	0.06543333	0.1752	0.10476667	0.0611	0.169
680	1.41236667	1.28985	1.3087	1.37706667	1.3421	1.36023333	0.10936667	0.07283333	0.18433333	0.11646667	0.06906667	0.1794
690	1.41906667	1.30311667	1.324	1.38486667	1.35283333	1.361	0.12093333	0.0811	0.19163333	0.12766667	0.0781	0.18873333
700	1.44016667	1.32001667	1.32373333	1.38863333	1.35733333	1.3676	0.1326	0.0916	0.19566667	0.13646667	0.08826667	0.2003
710	1.4489	1.33081667	1.32303333	1.39256667	1.36286667	1.3823	0.1414	0.1043	0.1972	0.14396667	0.1008	0.212
720	1.4417	1.34781667	1.3395	1.3998	1.3684	1.3839	0.14836667	0.1171	0.1953	0.1504	0.1154	0.21976667
730	1.4394	1.36188333	1.34393333	1.40073333	1.3706	1.375	0.1578	0.13006667	0.1877	0.15803333	0.131	0.22076667
740	1.44096667	1.36991667	1.3433	1.4063	1.37236667	1.36636667	0.1675	0.14453333	0.17613333	0.16506667	0.14976667	0.20923333
750	1.43496667	1.38718333	1.34756667	1.41706667	1.37073333	1.37406667	0.1759	0.15926667	0.16013333	0.1705	0.16703333	0.18893333
760	1.43623333	1.39178333	1.3499	1.41946667	1.37236667	1.3725	0.1812	0.1744	0.14336667	0.17366667	0.18156667	0.1589
770	1.43863333	1.40111667	1.34723333	1.4235	1.3778	1.3711	0.18366667	0.1905	0.126	0.1744	0.19436667	0.123
780	1.44243333	1.40298333	1.35336667	1.42803333	1.38433333	1.3766	0.18296667	0.20763333	0.11036667	0.17106667	0.20816667	0.0983
790	1.44316667	1.40538333	1.35816667	1.4275	1.38706667	1.3753	0.179	0.2221	0.09726667	0.1655	0.22546667	0.09406667
800	1.44346667	1.40608333	1.36273333	1.4326	1.39353333	1.37763333	0.17103333	0.2374	0.0868	0.1579	0.2414	0.09036667
810	1.45036667	1.41011667	1.36813333	1.44416667	1.3924	1.37746667	0.15996667	0.25203333	0.07973333	0.1506	0.2542	0.08766667
820	1.4563	1.41701667	1.367	1.45316667	1.39603333	1.38426667	0.14896667	0.26303333	0.0743	0.14523333	0.25853333	0.0861
830	1.46076667	1.42101667	1.36216667	1.461	1.40076667	1.3899	0.13826667	0.268	0.0715	0.14256667	0.2518	0.08463333
840	1.46066667	1.42385	1.36223333	1.46836667	1.408	1.39693333	0.12883333	0.26846667	0.06973333	0.1435	0.23066667	0.08473333
850	1.4673	1.42871667	1.36343333	1.46966667	1.41496667	1.40216667	0.1236	0.26283333	0.06886667	0.14783333	0.20176667	0.0855
860	1.47316667	1.43428333	1.36596667	1.47246667	1.42243333	1.40843333	0.12356667	0.2525	0.06946667	0.15626667	0.1716	0.087
870	1.4759	1.42998333	1.3686	1.4649	1.4283	1.41376667	0.1266	0.23453333	0.071	0.1678	0.14113333	0.08893333
880	1.48586667	1.43135	1.37373333	1.47163333	1.43523333	1.41926667	0.13266667	0.20853333	0.07396667	0.1817	0.11566667	0.09213333
890	1.48833333	1.43515	1.37396667	1.47416667	1.43813333	1.42213333	0.14103333	0.17996667	0.0763	0.19743333	0.1037	0.09543333
900	1.48786667	1.43748333	1.37986667	1.46706667	1.4439	1.4225	0.1508	0.15186667	0.08016667	0.21343333	0.0966	0.09923333
910	1.48673333	1.44208333	1.38203333	1.46483333	1.4505	1.4248	0.16243333	0.11746667	0.08363333	0.2322	0.09193333	0.1043
920	1.49866667	1.44665	1.37923333	1.47006667	1.4545	1.426	0.17583333	0.0963	0.08776667	0.25166667	0.08783333	0.10976667
930	1.4976	1.45048333	1.37826667	1.47143333	1.45686667	1.4239	0.19076667	0.09276667	0.09216667	0.27213333	0.08373333	0.11663333
940	1.5061	1.45275	1.37223333	1.4684	1.46333333	1.42306667	0.2066	0.09906667	0.0963	0.29296667	0.08136667	0.1238
950	1.50996667	1.45515	1.37826667	1.46606667	1.46263333	1.42436667	0.2251	0.09746667	0.1016	0.3121	0.07963333	0.1323
960	1.51636667	1.45755	1.38926667	1.46536667	1.45696667	1.4257	0.2441	0.098	0.10683333	0.33	0.07853333	0.14273333
970	1.51616667	1.46058333	1.39876667	1.46883333	1.46016667	1.42533333	0.26353333	0.09793333	0.11313333	0.34823333	0.07786667	0.1536
980	1.52083333	1.46481667	1.39676667	1.47073333	1.45866667	1.4222	0.2842	0.0982	0.1205	0.3673	0.07773333	0.1655
990	1.5133	1.46328333	1.40133333	1.47136667	1.45776667	1.42333333	0.30433333	0.0995	0.1273	0.38756667	0.07866667	0.1774
1000	1.51033333	1.46435	1.3999	1.47453333	1.45086667	1.4244	0.3233	0.10193333	0.13513333	0.40863333	0.0797	0.19043333
1010	1.52046667	1.46688333	1.4047	1.47803333	1.45526667	1.42553333	0.34423333	0.1047	0.1434	0.42966667	0.08156667	0.20406667
1020	1.52363333	1.47201667	1.40646667	1.48196667	1.4575	1.42363333	0.36493333	0.1079	0.1522	0.4521	0.0841	0.21823333
1030	1.53423333	1.47291667	1.4015	1.48556667	1.4689	1.4213	0.38573333	0.1114	0.1606	0.47553333	0.0868	0.23183333
1040	1.52553333	1.47295	1.40276667	1.48786667	1.45606667	1.42043333	0.40713333	0.1157	0.16993333	0.50093333	0.08973333	0.2454
1050	1.52376667	1.47958333	1.39693333	1.4858	1.46563333	1.41506667	0.42956667	0.12003333	0.1805	0.5282	0.09283333	0.25943333
1060	1.53156667	1.48215	1.38173333	1.49276667	1.47586667	1.41273333	0.45113333	0.12476667	0.18936667	0.55826667	0.09696667	0.2721
1070	1.52996667	1.48245	1.39376667	1.48733333	1.47593333	1.419	0.47416667	0.12936667	0.19886667	0.59043333	0.10076667	0.28673333
1080	1.53883333	1.47961667	1.38936667	1.48613333	1.48413333	1.41563333	0.4969	0.13456667	0.207	0.6246	0.1055	0.30016667
1090	1.546	1.47921667	1.39196667	1.48566667	1.46953333	1.41396667	0.51953333	0.14006667	0.2152	0.65666667	0.11006667	0.31503333
1100	1.54006667	1.48351667	1.3808	1.48096667	1.4672	1.4134	0.54056667	0.14536667	0.22486667	0.6813	0.11486667	0.3251
1110	1.5434	1.48981667	1.38106667	1.48363333	1.46633333	1.4138	0.56523333	0.15196667	0.2332	0.69673333	0.11873333	0.33313333
1120	1.54173333	1.48561667	1.36606667	1.4878	1.47186667	1.41613333	0.6132	0.15826667	0.24253333	0.732	0.12463333	0.33426667
1130	1.548	1.48675	1.38763333	1.4858	1.47413333	1.41476667	0.659	0.16453333	0.25176667	0.78383333	0.12996667	0.33573333
1140	1.5583	1.49285	1.3769	1.48766667	1.48016667	1.41763333	0.70526667	0.1718	0.26183333	0.8391	0.1357	0.33726667
1150	1.5459	1.49658333	1.37106667	1.48866667	1.48283333	1.41613333	0.7502	0.17913333	0.27126667	0.86003333	0.14183333	0.3402
1160	1.5467	1.49505	1.35433333	1.48773333	1.47086667	1.41456667	0.78533333	0.18706667	0.28196667	0.87983333	0.1475	0.34256667
1170	1.55456667	1.49575	1.35436667	1.49063333	1.47196667	1.4135	0.8116	0.19413333	0.29323333	0.89253333	0.15416667	0.3501
1180	1.55646667	1.49868333	1.3537	1.4929	1.47606667	1.41886667	0.83326667	0.2019	0.3044	0.91816667	0.15966667	0.36073333
1190	1.55873333	1.50321667	1.34946667	1.4999	1.4747	1.41396667	0.8583	0.2106	0.3154	0.92736667	0.16463333	0.3789
1200	1.5525	1.50715	1.34496667	1.4968	1.46613333	1.41713333	0.8924	0.2198	0.32703333	0.94243333	0.16303333	0.39726667
1210	1.553	1.50965	1.33276667	1.4992	1.46943333	1.41606667	0.91863333	0.2278	0.34043333	0.93866667	0.17016667	0.4191
1220	1.5597	1.50071667	1.33386667	1.49836667	1.4732	1.4159	0.94456667	0.2357	0.3535	0.93	0.17553333	0.4468
1230	1.56526667	1.51011667	1.34003333	1.50396667	1.4592	1.4154	0.9569	0.24633333	0.36873333	0.91653333	0.18163333	0.4659
1240	1.56693333	1.51315	1.34193333	1.4975	1.45873333	1.41396667	0.96436667	0.25623333	0.38286667	0.8876	0.1868	0.49336667
1250	1.56786667	1.51171667	1.33043333	1.5006	1.46773333	1.41266667	0.97003333	0.26626667	0.39863333	0.88776667	0.1928	0.51033333
1260	1.56053333	1.50915	1.33323333	1.50063333	1.46406667	1.4181	0.9779	0.27446667	0.41626667	0.886	0.19833333	0.53086667
1270	1.55376667	1.49998333	1.33006667	1.50566667	1.46066667	1.41046667	0.97933333	0.2835	0.43486667	0.8907	0.20523333	0.54876667
1280	1.55726667	1.50725	1.32366667	1.5041	1.46203333	1.4153	0.99143333	0.29173333	0.45656667	0.9061	0.2108	0.56383333
1290	1.55643333	1.50545	1.31196667	1.5026	1.4665	1.4007	0.99706667	0.30223333	0.4777	0.86953333	0.21856667	0.59196667
1300	1.5578	1.51201667	1.29496667	1.50326667	1.469	1.39963333	0.99533333	0.30816667	0.50113333	0.89093333	0.2256	0.60566667
1310	1.55956667	1.50871667	1.2944	1.50036667	1.46596667	1.40576667	0.9952	0.31566667	0.52596667	0.88043333	0.2323	0.60986667
1320	1.5615	1.50861667	1.28983333	1.49706667	1.4606	1.39936667	1.0173	0.3255	0.55003333	0.85476667	0.23783333	0.62843333
1330	1.55986667	1.51275	1.2782	1.49736667	1.46093333	1.3937	0.98416667	0.33276667	0.57526667	0.85413333	0.24366667	0.6239
1340	1.56533333	1.50705	1.27666667	1.4932	1.4567	1.3887	0.9402	0.34343333	0.59973333	0.8875	0.25166667	0.64756667
1350	1.5684	1.50491667	1.27043333	1.49243333	1.45276667	1.38833333	0.9154	0.35303333	0.62126667	0.89413333	0.25263333	0.634
1360	1.5676	1.50748333	1.26773333	1.48983333	1.45283333	1.3869	0.93583333	0.3618	0.6424	0.87266667	0.25756667	0.65323333
1370	1.5673	1.49931667	1.2601	1.4906	1.45063333	1.38333333	0.90913333	0.37026667	0.66546667	0.87213333	0.2624	0.63836667
1380	1.56536667	1.50418333	1.25126667	1.4945	1.44483333	1.37963333	0.9091	0.3795	0.68603333	0.85373333	0.26723333	0.66456667
1390	1.56553333	1.50091667	1.24416667	1.4893	1.4417	1.37806667	0.9151	0.38816667	0.70726667	0.8345	0.27103333	0.67043333
1400	1.5678	1.49988333	1.2346	1.4949	1.43816667	1.3773	0.9182	0.39726667	0.7234	0.8739	0.27883333	0.6886
1410	1.5687	1.50645	1.22706667	1.49066667	1.43833333	1.37826667	0.9303	0.40436667	0.74986667	0.87406667	0.28603333	0.7082
1420	1.56833333	1.50008333	1.22763333	1.49493333	1.43516667	1.37133333	0.93346667	0.41523333	0.77003333	0.9064	0.29163333	0.72566667
1430	1.5686	1.50058333	1.2208	1.48966667	1.43326667	1.36856667	0.93236667	0.42313333	0.78853333	0.874	0.299	0.7289
1440	1.57006667	1.48725	1.21613333	1.49333333	1.42966667	1.3639	0.9297	0.43406667	0.80543333	0.8317	0.30576667	0.73476667
