Time	A1	A2	A3	A4	A5	A6	A7	A8	A9	A10	A11	A12	B1	B2	B3	B4	B5	B6	B7	B8	B9	B10	B11	B12	C1	C2	C3	C4	C5	C6	C7	C8	C9	C10	C11	C12	D1	D2	D3	D4	D5	D6	D7	D8	D9	D10	D11	D12	E1	E2	E3	E4	E5	E6	E7	E8	E9	E10	E11	E12	F1	F2	F3	F4	F5	F6	F7	F8	F9	F10	F11	F12	G1	G2	G3	G4	G5	G6	G7	G8	G9	G10	G11	G12	H1	H2	H3	H4	H5	H6	H7	H8	H9	H10	H11	H12
0	0.179	0.139	0.163	0.164	0.16	0.146	0.17	0.169	0.161	0.174	0.162	0.128	0.155	0.168	0.185	0.174	0.164	0.149	0.169	0.155	0.179	0.136	0.158	0.144	0.138	0.17	0.149	0.176	0.142	0.178	0.153	0.148	0.14	0.141	0.164	0.151	0.142	0.173	0.176	0.162	0.14	0.165	0.16	0.191	0.182	0.157	0.158	0.136	0.138	0.151	0.134	0.146	0.158	0.166	0.155	0.168	0.16	0.151	0.135	0.17	0.156	0.149	0.168	0.156	0.159	0.171	0.174	0.172	0.149	0.183	0.148	0.153	0.155	0.151	0.168	0.153	0.169	0.161	0.163	0.164	0.171	0.158	0.159	0.145	0.179	0.18	0.157	0.149	0.161	0.176	0.156	0.156	0.158	0.109	0.093	0.09
2400	0.163	0.187	0.172	0.179	0.164	0.149	0.168	0.154	0.15	0.157	0.214	0.149	0.162	0.194	0.171	0.174	0.164	0.156	0.172	0.156	0.161	0.17	0.18	0.168	0.167	0.171	0.146	0.161	0.16	0.169	0.164	0.186	0.154	0.162	0.161	0.157	0.174	0.192	0.167	0.181	0.182	0.192	0.154	0.129	0.235	0.188	0.196	0.246	0.148	0.149	0.154	0.136	0.163	0.169	0.158	0.183	0.181	0.163	0.146	0.171	0.169	0.155	0.149	0.155	0.166	0.183	0.168	0.153	0.182	0.178	0.15	0.15	0.182	0.164	0.19	0.18	0.167	0.164	0.161	0.177	0.167	0.146	0.16	0.139	0.161	0.173	0.146	0.141	0.159	0.17	0.17	0.168	0.162	0.094	0.088	0.115
4800	0.213	0.203	0.187	0.181	0.192	0.189	0.201	0.223	0.191	0.201	0.203	0.186	0.166	0.149	0.142	0.179	0.162	0.148	0.198	0.194	0.187	0.17	0.188	0.203	0.15	0.16	0.143	0.169	0.162	0.169	0.195	0.182	0.19	0.187	0.181	0.199	0.178	0.161	0.177	0.191	0.145	0.191	0.223	0.212	0.296	0.286	0.265	0.285	0.152	0.145	0.17	0.144	0.153	0.153	0.179	0.175	0.154	0.173	0.132	0.166	0.167	0.146	0.15	0.146	0.173	0.19	0.178	0.145	0.169	0.165	0.145	0.152	0.168	0.193	0.208	0.192	0.188	0.214	0.169	0.167	0.191	0.167	0.164	0.164	0.182	0.179	0.157	0.171	0.134	0.16	0.187	0.192	0.186	0.112	0.113	0.09
7200	0.232	0.219	0.226	0.207	0.233	0.224	0.25	0.223	0.22	0.225	0.215	0.214	0.17	0.167	0.165	0.18	0.148	0.154	0.235	0.229	0.234	0.23	0.235	0.251	0.151	0.171	0.149	0.155	0.165	0.168	0.24	0.235	0.207	0.223	0.219	0.233	0.192	0.155	0.186	0.197	0.221	0.187	0.328	0.308	0.363	0.288	0.396	0.353	0.163	0.146	0.172	0.117	0.155	0.161	0.165	0.187	0.154	0.161	0.134	0.169	0.175	0.144	0.153	0.16	0.156	0.187	0.171	0.139	0.161	0.193	0.149	0.156	0.227	0.227	0.218	0.214	0.214	0.228	0.172	0.187	0.183	0.168	0.176	0.154	0.183	0.173	0.157	0.158	0.163	0.161	0.235	0.218	0.219	0.095	0.111	0.111
9600	0.301	0.27	0.288	0.27	0.276	0.267	0.26	0.271	0.274	0.294	0.275	0.282	0.176	0.186	0.192	0.19	0.17	0.187	0.304	0.277	0.262	0.265	0.286	0.302	0.18	0.189	0.16	0.165	0.184	0.161	0.289	0.261	0.292	0.271	0.274	0.279	0.224	0.215	0.205	0.247	0.223	0.225	0.394	0.421	0.391	0.396	0.413	0.422	0.15	0.169	0.159	0.133	0.149	0.168	0.158	0.174	0.18	0.163	0.15	0.19	0.172	0.147	0.154	0.158	0.152	0.171	0.167	0.15	0.17	0.179	0.174	0.157	0.245	0.236	0.261	0.226	0.234	0.254	0.178	0.17	0.2	0.187	0.185	0.178	0.176	0.175	0.157	0.152	0.147	0.166	0.263	0.285	0.273	0.107	0.099	0.096
12000	0.324	0.374	0.336	0.35	0.314	0.345	0.341	0.328	0.315	0.339	0.347	0.318	0.206	0.195	0.198	0.21	0.184	0.186	0.349	0.36	0.36	0.359	0.356	0.38	0.193	0.204	0.193	0.209	0.187	0.203	0.331	0.357	0.352	0.341	0.34	0.319	0.272	0.257	0.277	0.266	0.254	0.251	0.411	0.402	0.409	0.389	0.394	0.436	0.153	0.155	0.175	0.144	0.164	0.147	0.152	0.17	0.17	0.154	0.149	0.18	0.175	0.148	0.145	0.156	0.188	0.177	0.178	0.142	0.139	0.175	0.153	0.149	0.296	0.285	0.279	0.286	0.286	0.266	0.205	0.189	0.218	0.166	0.178	0.186	0.158	0.165	0.174	0.162	0.159	0.154	0.332	0.334	0.346	0.095	0.086	0.1
14400	0.413	0.399	0.454	0.425	0.416	0.431	0.395	0.439	0.421	0.39	0.423	0.421	0.264	0.273	0.269	0.272	0.247	0.258	0.414	0.431	0.406	0.404	0.399	0.404	0.243	0.276	0.229	0.255	0.25	0.261	0.416	0.385	0.418	0.424	0.399	0.414	0.303	0.294	0.316	0.314	0.322	0.287	0.367	0.388	0.393	0.375	0.39	0.344	0.154	0.154	0.155	0.152	0.149	0.159	0.145	0.155	0.185	0.159	0.133	0.167	0.171	0.131	0.168	0.161	0.162	0.167	0.17	0.15	0.133	0.183	0.165	0.137	0.277	0.311	0.291	0.308	0.317	0.322	0.201	0.207	0.211	0.184	0.202	0.194	0.146	0.165	0.153	0.159	0.142	0.163	0.42	0.407	0.415	0.098	0.087	0.106
16800	0.527	0.541	0.527	0.514	0.522	0.532	0.518	0.485	0.512	0.503	0.517	0.502	0.335	0.34	0.325	0.333	0.339	0.327	0.498	0.483	0.491	0.477	0.482	0.466	0.316	0.343	0.31	0.346	0.342	0.313	0.518	0.482	0.476	0.482	0.489	0.497	0.35	0.368	0.365	0.341	0.351	0.361	0.352	0.387	0.377	0.356	0.362	0.359	0.135	0.149	0.165	0.124	0.17	0.148	0.151	0.156	0.159	0.183	0.129	0.172	0.167	0.153	0.164	0.167	0.167	0.165	0.163	0.164	0.155	0.172	0.152	0.152	0.362	0.331	0.359	0.329	0.339	0.339	0.18	0.185	0.189	0.204	0.185	0.171	0.179	0.184	0.168	0.158	0.14	0.166	0.509	0.491	0.478	0.076	0.102	0.094
19200	0.623	0.611	0.614	0.616	0.613	0.643	0.59	0.566	0.576	0.597	0.569	0.568	0.412	0.406	0.404	0.406	0.39	0.393	0.54	0.525	0.525	0.514	0.521	0.534	0.411	0.439	0.431	0.439	0.419	0.433	0.562	0.558	0.561	0.555	0.542	0.558	0.422	0.374	0.393	0.401	0.39	0.418	0.325	0.342	0.33	0.323	0.319	0.323	0.144	0.183	0.157	0.147	0.159	0.156	0.165	0.154	0.165	0.166	0.148	0.173	0.182	0.15	0.159	0.173	0.171	0.17	0.177	0.153	0.145	0.179	0.168	0.161	0.353	0.354	0.36	0.376	0.352	0.365	0.182	0.196	0.204	0.192	0.18	0.173	0.169	0.178	0.166	0.162	0.172	0.146	0.553	0.586	0.568	0.097	0.105	0.106
21600	0.743	0.714	0.699	0.735	0.698	0.72	0.664	0.649	0.658	0.633	0.653	0.662	0.507	0.522	0.527	0.559	0.52	0.507	0.595	0.589	0.571	0.539	0.583	0.598	0.503	0.522	0.493	0.516	0.49	0.52	0.623	0.637	0.607	0.609	0.615	0.627	0.462	0.466	0.474	0.46	0.433	0.462	0.268	0.282	0.275	0.26	0.247	0.254	0.157	0.185	0.171	0.175	0.176	0.174	0.174	0.176	0.157	0.155	0.141	0.165	0.194	0.182	0.183	0.185	0.193	0.19	0.17	0.16	0.156	0.163	0.15	0.159	0.382	0.381	0.394	0.371	0.384	0.382	0.173	0.196	0.19	0.191	0.174	0.169	0.161	0.161	0.174	0.156	0.142	0.161	0.659	0.644	0.63	0.101	0.079	0.08
24000	0.798	0.814	0.805	0.803	0.817	0.816	0.702	0.699	0.715	0.698	0.7	0.712	0.622	0.625	0.628	0.622	0.619	0.606	0.612	0.631	0.62	0.629	0.613	0.61	0.557	0.559	0.57	0.596	0.572	0.586	0.665	0.647	0.677	0.646	0.662	0.658	0.474	0.486	0.477	0.472	0.487	0.482	0.227	0.218	0.222	0.231	0.195	0.193	0.198	0.21	0.215	0.196	0.228	0.228	0.158	0.159	0.165	0.162	0.136	0.165	0.217	0.205	0.208	0.208	0.237	0.226	0.176	0.149	0.161	0.189	0.16	0.17	0.396	0.411	0.403	0.398	0.431	0.405	0.166	0.183	0.211	0.193	0.193	0.184	0.18	0.173	0.163	0.161	0.163	0.16	0.702	0.697	0.706	0.096	0.097	0.104
26400	0.868	0.868	0.858	0.854	0.874	0.87	0.748	0.735	0.726	0.773	0.737	0.753	0.704	0.7	0.727	0.707	0.679	0.69	0.652	0.636	0.644	0.65	0.654	0.637	0.604	0.62	0.627	0.614	0.651	0.628	0.71	0.697	0.686	0.706	0.711	0.683	0.473	0.46	0.475	0.44	0.47	0.466	0.219	0.203	0.202	0.189	0.192	0.166	0.312	0.297	0.284	0.292	0.302	0.308	0.179	0.185	0.146	0.149	0.13	0.183	0.266	0.254	0.252	0.244	0.266	0.244	0.167	0.157	0.168	0.177	0.161	0.177	0.402	0.405	0.428	0.412	0.403	0.431	0.179	0.179	0.19	0.186	0.18	0.154	0.159	0.148	0.173	0.162	0.153	0.173	0.729	0.757	0.753	0.118	0.116	0.075
28800	0.945	0.931	0.919	0.904	0.925	0.925	0.77	0.785	0.784	0.799	0.771	0.79	0.751	0.759	0.773	0.744	0.762	0.765	0.679	0.65	0.657	0.659	0.66	0.661	0.644	0.658	0.672	0.652	0.661	0.671	0.73	0.718	0.716	0.727	0.723	0.752	0.452	0.453	0.466	0.455	0.449	0.45	0.206	0.196	0.216	0.208	0.199	0.157	0.426	0.423	0.441	0.423	0.432	0.431	0.164	0.18	0.178	0.163	0.145	0.176	0.286	0.282	0.292	0.295	0.292	0.316	0.159	0.176	0.147	0.189	0.183	0.165	0.433	0.427	0.407	0.432	0.419	0.437	0.175	0.184	0.207	0.176	0.183	0.161	0.164	0.166	0.163	0.156	0.148	0.144	0.751	0.802	0.783	0.088	0.098	0.098
31200	0.966	0.965	1.001	0.943	0.953	0.977	0.813	0.79	0.825	0.81	0.806	0.82	0.785	0.805	0.803	0.796	0.794	0.807	0.68	0.679	0.692	0.666	0.68	0.669	0.706	0.687	0.678	0.676	0.693	0.708	0.758	0.754	0.746	0.748	0.753	0.766	0.405	0.391	0.412	0.431	0.412	0.41	0.202	0.198	0.219	0.185	0.178	0.152	0.57	0.565	0.563	0.595	0.563	0.578	0.185	0.194	0.19	0.202	0.158	0.185	0.351	0.338	0.349	0.346	0.345	0.384	0.188	0.153	0.163	0.176	0.166	0.171	0.416	0.435	0.447	0.45	0.463	0.438	0.171	0.18	0.216	0.171	0.178	0.199	0.173	0.181	0.169	0.153	0.151	0.159	0.788	0.806	0.796	0.094	0.115	0.109
33600	0.971	0.985	1.001	0.987	1.021	0.953	0.827	0.82	0.826	0.827	0.799	0.802	0.814	0.818	0.834	0.812	0.819	0.837	0.675	0.678	0.68	0.713	0.683	0.715	0.682	0.692	0.698	0.681	0.698	0.698	0.721	0.767	0.762	0.745	0.724	0.746	0.355	0.344	0.365	0.344	0.346	0.343	0.206	0.206	0.181	0.177	0.163	0.162	0.654	0.682	0.685	0.692	0.704	0.669	0.227	0.237	0.238	0.236	0.205	0.243	0.384	0.362	0.377	0.384	0.381	0.399	0.194	0.168	0.167	0.184	0.162	0.173	0.457	0.447	0.435	0.426	0.449	0.438	0.165	0.19	0.189	0.194	0.188	0.169	0.157	0.17	0.15	0.17	0.139	0.158	0.819	0.832	0.822	0.091	0.106	0.106
36000	1.032	1	0.989	0.985	1.012	1.005	0.831	0.822	0.836	0.841	0.814	0.814	0.816	0.827	0.834	0.854	0.804	0.822	0.706	0.717	0.687	0.713	0.7	0.703	0.694	0.721	0.694	0.704	0.71	0.697	0.707	0.726	0.733	0.719	0.717	0.734	0.309	0.283	0.287	0.279	0.273	0.305	0.198	0.196	0.18	0.206	0.18	0.148	0.772	0.775	0.737	0.743	0.75	0.762	0.329	0.334	0.322	0.344	0.303	0.328	0.417	0.384	0.406	0.394	0.404	0.412	0.205	0.167	0.187	0.19	0.192	0.2	0.441	0.449	0.46	0.454	0.434	0.444	0.165	0.193	0.197	0.184	0.197	0.153	0.167	0.173	0.138	0.15	0.152	0.172	0.829	0.84	0.825	0.094	0.089	0.087
38400	1.024	1.026	1.018	1.03	1.045	1.008	0.847	0.804	0.83	0.836	0.819	0.837	0.853	0.828	0.811	0.826	0.827	0.827	0.695	0.705	0.732	0.72	0.726	0.719	0.714	0.691	0.711	0.736	0.726	0.726	0.71	0.718	0.724	0.699	0.739	0.702	0.225	0.225	0.222	0.207	0.222	0.233	0.192	0.212	0.184	0.191	0.177	0.164	0.791	0.826	0.808	0.808	0.795	0.831	0.467	0.44	0.431	0.446	0.429	0.427	0.417	0.409	0.397	0.404	0.392	0.397	0.225	0.232	0.213	0.242	0.241	0.236	0.435	0.447	0.453	0.461	0.451	0.447	0.177	0.189	0.202	0.208	0.191	0.166	0.179	0.141	0.168	0.159	0.141	0.162	0.843	0.831	0.825	0.11	0.097	0.088
40800	1.04	1.066	1.064	1.047	1.053	1.056	0.839	0.842	0.856	0.813	0.861	0.842	0.849	0.828	0.839	0.836	0.837	0.823	0.729	0.698	0.728	0.722	0.716	0.719	0.687	0.701	0.722	0.708	0.696	0.703	0.723	0.711	0.702	0.71	0.733	0.713	0.187	0.184	0.177	0.187	0.194	0.193	0.203	0.202	0.192	0.21	0.187	0.178	0.855	0.803	0.842	0.799	0.836	0.826	0.589	0.623	0.62	0.606	0.608	0.601	0.39	0.414	0.385	0.395	0.423	0.421	0.314	0.297	0.316	0.314	0.287	0.313	0.449	0.445	0.461	0.447	0.444	0.447	0.181	0.209	0.19	0.18	0.191	0.145	0.17	0.167	0.169	0.159	0.148	0.181	0.836	0.842	0.849	0.115	0.099	0.093
43200	1.065	1.082	1.047	1.058	1.044	1.05	0.857	0.834	0.842	0.843	0.804	0.847	0.841	0.825	0.829	0.858	0.849	0.839	0.704	0.727	0.711	0.715	0.736	0.713	0.703	0.721	0.73	0.726	0.71	0.719	0.713	0.729	0.715	0.711	0.716	0.72	0.146	0.166	0.147	0.173	0.154	0.178	0.204	0.19	0.203	0.204	0.183	0.156	0.816	0.834	0.846	0.85	0.854	0.831	0.816	0.83	0.802	0.826	0.833	0.823	0.421	0.387	0.397	0.392	0.402	0.393	0.405	0.387	0.38	0.397	0.374	0.393	0.448	0.448	0.429	0.446	0.462	0.451	0.173	0.185	0.203	0.203	0.189	0.174	0.181	0.175	0.169	0.149	0.161	0.169	0.833	0.832	0.853	0.093	0.09	0.102
