Time	curve_A	curve_B	curve_C	curve_D	curve_E	curve_F	curve_G	curve_H
0.0	0.113	0.115	0.116	0.114	0.113	0.127	0.08	0.1
2.0	0.732	0.766	0.72	0.672	0.984	1.032	0.83	0.082
4.0	4.135	4.01	0.201	0.208	5.41	4.7	4.99	4.53
6.0	9.0	8.3	0.28	0.198	8.8	8.4	12.02	11.14
8.0	12.94	12.78	1.676	1.282	11.38	13.32	16.317	15.876
10.0	18.375	18.13	3.21	2.43	19.159	18.522	20.384	19.894
12.0	18.13	20.335	3.83	3.07	21.903	21.952	21.854	21.56
14.0	21.07	26.705	4.03	3.33	24.255	24.255	22.099	23.03
16.0	25.676	31.409	4.29	3.58	29.498	27.685	24.059	23.373
18.0	26.705	34.79	4.63	3.94	29.4	29.008	25.578	26.411
20.0	29.792	37.387	5.07	3.87	29.841	31.36	25.676	26.068
22.0	30.38	39.249	5.69	4.32	30.674	29.939	28.665	28.224
24.0	30.527	37.387	5.63	4.56	31.115	32.389	26.999	26.803
26.0	32.095	38.465	5.0	3.84	31.605	31.017	31.164	29.694
28.0	33.222	39.347	5.47	4.03	32.438	31.703	30.135	28.861
30.0	35.084	38.122	6.89	5.49	32.83	31.85	33.761	31.85
32.0	35.476	37.338	7.44	5.54	32.634	32.536	33.173	31.017
34.0	36.946	38.22	7.8	6.24	32.634	32.879	34.79	32.095
36.0	37.975	37.583	8.02	6.3	34.006	34.643	36.603	32.634
39.0	37.828	37.877	9.06	7.4	31.948	33.418	37.044	33.663
42.0	37.877	37.289	9.08	7.22	29.4	34.398	39.053	35.427
45.0	38.024	37.534	9.38	8.5	29.204	31.85	38.563	35.623
48.0	37.534	37.289	9.42	7.7	31.605	32.487	38.514	35.329
