Time	curve_A	curve_B	curve_C	curve_D	curve_E	curve_F	curve_G	curve_H	curve_I	curve_J	curve_K	curve_L	curve_M	curve_N	curve_O	curve_P	curve_Q	curve_R	curve_S	curve_T	curve_U	curve_V	curve_W	curve_X	curve_Y	curve_Z	curve_AA	curve_AB	curve_AC	curve_AD	curve_AE	curve_AF	curve_AG	curve_AH	curve_AI	curve_AJ	curve_AK	curve_AL	curve_AM	curve_AN	curve_AO	curve_AP	curve_AQ	curve_AR	curve_AS	curve_AT	curve_AU	curve_AV	curve_AW	curve_AX	curve_AY	curve_AZ	curve_BA	curve_BB	curve_BC	curve_BD	curve_BE	curve_BF	curve_BG	curve_BH	curve_BI	curve_BJ	curve_BK	curve_BL	curve_BM	curve_BN	curve_BO	curve_BP	curve_BQ	curve_BR	curve_BS	curve_BT	curve_BU	curve_BV	curve_BW	curve_BX	curve_BY	curve_BZ	curve_CA	curve_CB	curve_CC	curve_CD	curve_CE	curve_CF	curve_CG	curve_CH	curve_CI	curve_CJ	curve_CK	curve_CL	curve_CM	curve_CN	curve_CO	curve_CP	curve_CQ	curve_CR	curve_CS	curve_CT	curve_CU	curve_CV	curve_CW	curve_CX	curve_CY	curve_CZ	curve_DA	curve_DB	curve_DC	curve_DD	curve_DE	curve_DF	curve_DG	curve_DH	curve_DI	curve_DJ	curve_DK	curve_DL	curve_DM	curve_DN	curve_DO	curve_DP	curve_DQ	curve_DR	curve_DS	curve_DT	curve_DU	curve_DV	curve_DW	curve_DX	curve_DY	curve_DZ	curve_EA	curve_EB	curve_EC	curve_ED	curve_EE	curve_EF	curve_EG	curve_EH	curve_EI	curve_EJ	curve_EK	curve_EL	curve_EM	curve_EN	curve_EO	curve_EP	curve_EQ	curve_ER	curve_ES	curve_ET	curve_EU	curve_EV	curve_EW	curve_EX	curve_EY	curve_EZ	curve_FA	curve_FB	curve_FC	curve_FD	curve_FE	curve_FF	curve_FG	curve_FH	curve_FI	curve_FJ	curve_FK	curve_FL	curve_FM	curve_FN	curve_FO	curve_FP	curve_FQ	curve_FR	curve_FS	curve_FT	curve_FU	curve_FV	curve_FW	curve_FX	curve_FY	curve_FZ	curve_GA	curve_GB	curve_GC	curve_GD	curve_GE	curve_GF	curve_GG	curve_GH	curve_GI	curve_GJ	curve_GK	curve_GL	curve_GM	curve_GN	curve_GO	curve_GP	curve_GQ	curve_GR	curve_GS	curve_GT	curve_GU	curve_GV	curve_GW	curve_GX	curve_GY	curve_GZ	curve_HA	curve_HB	curve_HC	curve_HD	curve_HE	curve_HF	curve_HG	curve_HH	curve_HI	curve_HJ	curve_HK	curve_HL	curve_HM	curve_HN	curve_HO	curve_HP	curve_HQ	curve_HR	curve_HS	curve_HT	curve_HU	curve_HV	curve_HW	curve_HX	curve_HY	curve_HZ	curve_IA	curve_IB	curve_IC	curve_ID_238	curve_IE	curve_IF	curve_IG	curve_IH	curve_II	curve_IJ	curve_IK	curve_IL	curve_IM	curve_IN	curve_IO	curve_IP	curve_IQ	curve_IR	curve_IS	curve_IT	curve_IU	curve_IV	curve_IW	curve_IX	curve_IY	curve_IZ	curve_JA	curve_JB	curve_JC	curve_JD	curve_JE	curve_JF	curve_JG	curve_JH	curve_JI	curve_JJ	curve_JK	curve_JL	curve_JM	curve_JN	curve_JO	curve_JP	curve_JQ	curve_JR	curve_JS	curve_JT	curve_JU	curve_JV	curve_JW	curve_JX	curve_JY	curve_JZ	curve_KA	curve_KB	curve_KC	curve_KD	curve_KE	curve_KF	curve_KG	curve_KH	curve_KI	curve_KJ	curve_KK	curve_KL	curve_KM	curve_KN	curve_KO	curve_KP	curve_KQ	curve_KR	curve_KS	curve_KT	curve_KU	curve_KV	curve_KW	curve_KX	curve_KY	curve_KZ	curve_LA	curve_LB	curve_LC
0.0	0.06	0.07	0.07	0.08	0.07	0.06	0.08	0.07	0.06	0.08	0.08	0.06	0.08	0.07	0.06	0.08	0.07	0.06	0.08	0.08	0.06	0.06	0.07	0.07	0.08	0.07	0.06	0.08	0.07	0.06	0.08	0.08	0.06	0.08	0.07	0.06	0.08	0.07	0.06	0.08	0.08	0.06	0.06	0.07	0.07	0.08	0.07	0.06	0.08	0.07	0.06	0.08	0.08	0.06	0.08	0.07	0.06	0.08	0.07	0.06	0.08	0.08	0.06	0.06	0.07	0.07	0.08	0.07	0.06	0.08	0.07	0.06	0.08	0.08	0.06	0.08	0.07	0.06	0.08	0.07	0.06	0.08	0.08	0.06	0.08	0.08	0.06	0.06	0.07	0.07	0.06	0.07	0.07	0.08	0.07	0.05	0.08	0.07	0.06	0.08	0.07	0.06	0.06	0.07	0.07	0.08	0.08	0.06	0.07	0.08	0.07	0.06	0.07	0.07	0.08	0.07	0.06	0.08	0.07	0.06	0.08	0.07	0.06	0.06	0.07	0.07	0.06	0.07	0.07	0.08	0.07	0.06	0.08	0.07	0.06	0.08	0.08	0.06	0.08	0.07	0.06	0.08	0.07	0.06	0.08	0.08	0.06	0.06	0.07	0.07	0.08	0.07	0.06	0.08	0.07	0.06	0.08	0.08	0.06	0.08	0.07	0.06	0.08	0.07	0.06	0.08	0.08	0.06	0.06	0.07	0.07	0.08	0.07	0.06	0.08	0.07	0.06	0.08	0.08	0.06	0.08	0.07	0.06	0.08	0.07	0.06	0.08	0.08	0.06	0.06	0.07	0.07	0.08	0.07	0.06	0.08	0.07	0.06	0.08	0.08	0.06	0.08	0.07	0.06	0.08	0.07	0.06	0.08	0.08	0.06	0.08	0.08	0.06	0.07	0.07	0.05	0.06	0.06	0.05	0.08	0.07	0.05	0.08	0.07	0.06	0.08	0.07	0.06	0.06	0.07	0.07	0.07	0.08	0.07	0.08	0.08	0.06	0.07	0.07	0.08	0.06	0.07	0.07	0.08	0.07	0.06	0.08	0.07	0.06	0.06	0.07	0.07	0.08	0.07	0.06	0.08	0.08	0.06	0.07	0.08	0.07	0.07	0.07	0.08	0.08	0.07	0.06	0.08	0.07	0.06	0.06	0.07	0.07	0.07	0.07	0.08	0.08	0.07	0.06	0.08	0.08	0.06	0.06	0.07	0.07	0.08	0.07	0.06	0.08	0.07	0.06	0.06	0.07	0.07	0.07	0.07	0.08	0.08	0.07	0.06	0.08	0.08	0.06	0.07	0.08	0.07	0.08	0.07	0.06	0.08	0.07	0.06	0.06	0.07	0.07
2.0	0.65	0.65	0.68	0.68	0.65	0.66	0.62	0.61	0.62	0.59	0.61	0.61	0.61	0.67	0.62	0.7	0.63	0.68	0.66	0.62	0.63	0.69	0.63	0.71	0.62	0.69	0.64	0.69	0.62	0.67	0.66	0.65	0.65	0.61	0.67	0.62	0.7	0.63	0.68	0.63	0.65	0.61	0.62	0.58	0.63	0.58	0.62	0.57	0.61	0.57	0.62	0.55	0.61	0.59	0.61	0.67	0.62	0.7	0.63	0.68	0.61	0.67	0.65	0.63	0.63	0.62	0.61	0.63	0.62	0.61	0.61	0.63	0.6	0.57	0.6	0.61	0.67	0.62	0.7	0.63	0.68	0.63	0.68	0.63	0.68	0.66	0.73	0.63	0.59	0.61	0.63	0.64	0.63	0.65	0.6	0.61	0.61	0.67	0.62	0.7	0.63	0.68	0.65	0.66	0.63	0.59	0.63	0.55	0.66	0.57	0.66	0.62	0.62	0.62	0.67	0.63	0.67	0.61	0.67	0.62	0.7	0.63	0.68	0.6	0.62	0.63	0.61	0.62	0.6	0.61	0.6	0.6	0.59	0.63	0.61	0.62	0.6	0.63	0.68	0.7	0.7	0.68	0.68	0.68	0.69	0.68	0.67	0.63	0.61	0.63	0.6	0.66	0.61	0.66	0.63	0.65	0.64	0.63	0.65	0.68	0.7	0.7	0.68	0.68	0.68	0.56	0.54	0.6	0.6	0.62	0.63	0.64	0.64	0.63	0.59	0.58	0.61	0.54	0.57	0.58	0.68	0.7	0.7	0.68	0.68	0.68	0.6	0.68	0.62	0.62	0.61	0.61	0.6	0.6	0.61	0.61	0.62	0.59	0.57	0.62	0.58	0.68	0.7	0.7	0.68	0.68	0.68	0.58	0.63	0.62	0.65	0.64	0.66	0.59	0.61	0.59	0.61	0.62	0.61	0.61	0.6	0.62	0.68	0.7	0.7	0.68	0.68	0.68	0.7	0.69	0.7	0.66	0.67	0.67	0.62	0.59	0.63	0.64	0.64	0.62	0.64	0.64	0.64	0.68	0.7	0.7	0.68	0.68	0.68	0.66	0.65	0.69	0.59	0.59	0.6	0.66	0.62	0.65	0.63	0.63	0.61	0.69	0.63	0.7	0.59	0.56	0.6	0.59	0.58	0.69	0.6	0.6	0.63	0.61	0.67	0.62	0.7	0.63	0.68	0.63	0.69	0.63	0.65	0.59	0.6	0.61	0.67	0.62	0.7	0.63	0.68	0.67	0.61	0.66	0.68	0.7	0.7	0.68	0.68	0.68	0.66	0.72	0.65	0.66	0.65	0.69	0.68	0.7	0.7	0.68	0.68	0.68	0.69	0.74	0.7
2.5	0.84	0.88	0.87	0.92	0.85	0.91	0.82	0.8	0.83	0.79	0.84	0.8	0.85	0.9	0.9	0.94	0.91	0.93	0.92	1.04	0.93	0.91	0.88	0.94	0.8	0.94	0.8	0.92	0.88	0.9	0.88	0.84	0.82	0.85	0.9	0.9	0.94	0.91	0.93	0.93	0.91	0.89	0.81	0.83	0.82	0.83	0.81	0.84	0.8	0.83	0.81	0.78	0.79	0.83	0.85	0.9	0.9	0.94	0.91	0.93	0.95	0.97	0.94	0.77	0.69	0.77	0.79	0.76	0.78	0.76	0.78	0.75	0.75	0.76	0.75	0.85	0.9	0.9	0.94	0.91	0.93	0.9	0.94	0.89	0.88	0.85	0.9	0.43	0.43	0.44	0.31	0.41	0.35	0.37	0.3	0.23	0.85	0.9	0.9	0.94	0.91	0.93	0.92	0.81	0.83	0.86	0.94	0.85	0.88	0.85	0.88	0.84	0.89	0.91	0.94	0.86	0.91	0.85	0.9	0.9	0.94	0.91	0.93	0.83	0.9	0.84	0.85	0.84	0.85	0.82	0.88	0.83	0.86	0.82	0.82	0.82	0.85	0.83	0.87	0.91	0.88	0.89	0.84	0.88	0.94	0.91	0.92	0.82	0.75	0.81	0.78	0.84	0.78	0.86	0.85	0.9	0.88	0.87	0.88	0.87	0.91	0.88	0.89	0.84	0.88	0.82	0.78	0.84	0.77	0.78	0.79	0.89	0.88	0.87	0.77	0.77	0.78	0.74	0.73	0.81	0.87	0.91	0.88	0.89	0.84	0.88	0.9	0.93	0.87	0.81	0.76	0.8	0.74	0.78	0.74	0.8	0.75	0.77	0.8	0.78	0.8	0.87	0.91	0.88	0.89	0.84	0.88	0.88	0.87	0.86	0.76	0.75	0.75	0.53	0.45	0.52	0.7	0.65	0.68	0.64	0.66	0.66	0.87	0.91	0.88	0.89	0.84	0.88	0.94	0.92	1.01	0.77	0.91	0.78	0.78	0.88	0.88	0.92	0.93	0.89	0.85	0.87	0.85	0.87	0.91	0.88	0.89	0.84	0.88	0.88	0.87	0.9	0.78	0.77	0.84	0.89	0.81	0.9	0.85	0.87	0.81	0.87	0.82	0.84	0.86	0.79	0.87	0.78	0.71	0.88	0.79	0.83	0.79	0.85	0.9	0.9	0.94	0.91	0.93	0.9	0.94	0.9	0.83	0.82	0.72	0.85	0.9	0.9	0.94	0.91	0.93	0.88	0.79	0.87	0.87	0.91	0.88	0.89	0.84	0.88	0.83	0.9	0.8	0.85	0.79	0.83	0.87	0.91	0.88	0.89	0.84	0.88	0.86	0.91	0.81
3.0	1.12	1.13	1.14	1.18	1.15	1.18	1.06	1.02	1.05	1.01	1.11	1.04	1.26	1.18	1.24	1.26	1.14	1.28	1.11	1.12	1.11	1.07	1.08	1.08	1.1	1.08	1.1	1.1	1.1	1.07	1.08	1.07	1.03	1.26	1.18	1.24	1.26	1.14	1.28	0.09	0.09	0.05	1.04	1.01	1.06	1.01	1.05	1.02	1.06	1.04	1.07	1.0	1.05	1.02	1.26	1.18	1.24	1.26	1.14	1.28	0.97	0.69	0.76	1.09	1.04	1.09	1.04	1.07	1.06	1.07	1.04	1.06	1.01	0.99	1.02	1.26	1.18	1.24	1.26	1.14	1.28	0.06	0.08	0.07	1.26	1.32	1.26	0.54	0.47	0.5	0.32	0.33	0.31	0.14	0.13	0.12	1.26	1.18	1.24	1.26	1.14	1.28	0.14	0.42	0.32	1.2	1.24	1.18	0.96	0.92	0.94	0.98	0.98	0.94	0.93	0.8	0.89	1.26	1.18	1.24	1.26	1.14	1.28	1.08	1.2	1.08	1.02	1.02	1.05	1.01	1.07	1.03	1.05	1.03	1.03	1.04	1.06	1.04	1.24	1.34	1.26	1.32	1.22	1.3	1.1	1.1	1.09	1.02	0.94	1.03	1.05	1.06	1.05	1.1	1.07	1.12	1.08	1.09	1.08	1.24	1.34	1.26	1.32	1.22	1.3	0.08	0.08	0.12	1.06	1.1	1.06	1.1	1.08	1.09	1.09	1.07	1.1	0.94	0.98	0.99	1.24	1.34	1.26	1.32	1.22	1.3	1.0	1.06	1.04	1.05	1.06	1.04	1.04	1.02	1.03	1.05	1.07	1.01	1.05	1.02	1.06	1.24	1.34	1.26	1.32	1.22	1.3	0.06	0.07	0.07	0.96	1.04	0.96	0.48	0.49	0.46	0.38	0.41	0.42	0.17	0.17	0.17	1.24	1.34	1.26	1.32	1.22	1.3	0.78	0.82	0.66	1.08	1.22	1.24	1.13	0.99	1.07	1.1	1.06	0.98	0.89	0.84	0.88	1.24	1.34	1.26	1.32	1.22	1.3	1.24	1.18	1.22	1.08	1.28	1.18	1.26	1.38	1.23	1.44	1.26	1.42	1.3	1.24	1.24	1.26	1.22	1.26	1.14	1.04	1.3	1.32	1.16	1.3	1.26	1.18	1.24	1.26	1.14	1.28	1.24	1.2	1.22	1.08	1.1	0.8	1.26	1.18	1.24	1.26	1.14	1.28	1.08	1.16	1.06	1.24	1.34	1.26	1.32	1.22	1.3	1.2	1.32	1.14	1.24	1.14	1.24	1.24	1.34	1.26	1.32	1.22	1.3	1.32	1.32	1.18
3.5	1.31	1.22	1.24	1.41	1.37	1.26	1.29	1.23	1.28	1.23	1.35	1.26	1.47	1.53	1.41	1.59	1.44	1.56	0.3	0.35	0.32	1.44	1.38	1.48	1.44	1.48	1.42	1.48	1.42	1.44	1.42	1.44	1.38	1.47	1.53	1.41	1.59	1.44	1.56	0.07	0.05	0.05	1.15	1.22	1.16	1.22	1.18	1.22	1.17	1.24	1.17	1.19	1.18	1.25	1.47	1.53	1.41	1.59	1.44	1.56	0.09	0.11	0.09	1.32	1.32	1.32	1.25	1.32	1.25	1.34	1.25	1.33	1.26	1.25	1.26	1.47	1.53	1.41	1.59	1.44	1.56	0.05	0.06	0.06	1.74	1.58	1.68	0.66	0.61	0.63	0.32	0.37	0.35	0.1	0.07	0.06	1.47	1.53	1.41	1.59	1.44	1.56	0.09	0.06	0.04	1.56	1.41	1.5	1.14	1.25	1.18	0.97	0.89	1.0	0.88	0.79	0.84	1.47	1.53	1.41	1.59	1.44	1.56	0.99	0.84	0.99	1.23	1.2	1.26	1.22	1.27	1.23	1.29	1.24	1.28	1.22	1.26	1.24	1.56	1.5	1.62	1.59	1.53	1.47	0.62	0.37	0.58	1.38	1.28	1.42	1.38	1.44	1.36	1.44	1.4	1.46	1.42	1.4	1.42	1.56	1.5	1.62	1.59	1.53	1.47	0.08	0.06	0.07	1.19	1.27	1.18	1.46	1.42	1.44	1.27	1.21	1.27	1.18	1.11	1.22	1.56	1.5	1.62	1.59	1.53	1.47	0.13	0.09	0.09	1.26	1.32	1.25	1.34	1.25	1.24	1.37	1.29	1.35	1.21	1.31	1.21	1.56	1.5	1.62	1.59	1.53	1.47	0.06	0.07	0.08	1.34	1.2	1.32	0.6	0.63	0.6	0.47	0.48	0.48	0.14	0.13	0.14	1.56	1.5	1.62	1.59	1.53	1.47	0.06	0.09	0.06	1.34	1.14	1.24	1.28	1.28	1.14	1.09	1.03	1.03	0.83	0.77	0.79	1.56	1.5	1.62	1.59	1.53	1.47	0.92	0.88	0.94	1.5	1.74	1.56	1.68	1.68	1.83	1.77	1.89	1.83	1.8	1.47	1.71	1.8	1.74	1.74	1.62	1.53	1.77	1.53	1.41	1.53	1.47	1.53	1.41	1.59	1.44	1.56	1.44	1.56	1.44	1.47	1.47	1.17	1.47	1.53	1.41	1.59	1.44	1.56	1.41	1.35	1.47	1.56	1.5	1.62	1.59	1.53	1.47	1.65	1.5	1.59	1.47	1.62	1.47	1.56	1.5	1.62	1.59	1.53	1.47	1.41	1.62	1.38
4.0	1.7	1.56	1.67	1.68	1.65	1.58	1.52	1.57	1.53	1.52	1.64	1.57	1.88	1.96	1.92	2.04	1.92	2.04	0.11	0.12	0.12	1.64	1.58	1.66	1.66	1.68	1.68	1.7	1.66	1.66	1.68	1.62	1.66	1.88	1.96	1.92	2.04	1.92	2.04	0.05	0.05	0.05	1.45	1.39	1.48	1.41	1.5	1.41	1.51	1.43	1.52	1.37	1.57	1.51	1.88	1.96	1.92	2.04	1.92	2.04	0.12	0.11	0.08	1.56	1.56	1.44	1.57	1.42	1.6	1.47	1.59	1.45	1.53	1.43	1.44	1.88	1.96	1.92	2.04	1.92	2.04	0.1	0.07	0.09	2.07	2.0	2.16	0.79	0.73	0.74	0.55	0.56	0.54	0.18	0.14	0.13	1.88	1.96	1.92	2.04	1.92	2.04	0.05	0.11	0.05	2.04	1.8	1.96	1.22	1.21	1.25	0.83	0.87	0.86	0.8	0.61	0.76	1.88	1.96	1.92	2.04	1.92	2.04	0.66	0.54	0.69	1.48	1.4	1.51	1.43	1.54	1.46	1.56	1.49	1.57	1.6	1.52	1.55	2.2	1.88	2.16	1.92	2.12	1.84	0.16	0.13	0.16	1.62	1.54	1.7	1.72	1.72	1.66	1.84	1.84	1.88	1.88	1.8	1.84	2.2	1.88	2.16	1.92	2.12	1.84	0.08	0.07	0.03	1.34	1.45	1.35	1.84	1.84	1.84	1.51	1.42	1.52	1.34	1.42	1.4	2.2	1.88	2.16	1.92	2.12	1.84	0.1	0.12	0.09	1.43	1.55	1.43	1.61	1.66	1.64	1.66	1.69	1.51	1.5	1.56	1.52	2.2	1.88	2.16	1.92	2.12	1.84	0.03	0.08	0.06	1.65	1.74	1.56	0.78	0.79	0.78	0.67	0.68	0.71	0.23	0.22	0.21	2.2	1.88	2.16	1.92	2.12	1.84	0.06	0.1	0.06	1.6	1.41	1.7	1.62	1.34	1.6	1.08	0.97	1.05	0.8	0.58	0.67	2.2	1.88	2.16	1.92	2.12	1.84	0.48	0.59	0.63	1.84	2.2	1.92	2.0	2.24	2.04	2.32	2.16	2.44	2.48	2.04	2.48	2.16	2.07	2.13	2.01	1.89	1.92	1.36	1.23	1.32	1.88	1.96	1.92	2.04	1.92	2.04	1.92	2.0	1.88	2.0	2.08	1.72	1.88	1.96	1.92	2.04	1.92	2.04	1.8	1.72	1.84	2.2	1.88	2.16	1.92	2.12	1.84	2.12	1.96	2.08	1.88	2.16	1.92	2.2	1.88	2.16	1.92	2.12	1.84	1.84	2.24	1.56
6.0	3.75	3.6	3.55	3.7	3.7	3.7	4.0	4.0	4.0	3.8	4.2	4.0	4.0	3.55	3.65	3.4	3.9	3.65	0.15	0.14	0.14	4.0	4.0	4.0	3.85	4.15	3.95	3.95	3.8	4.0	3.95	3.9	3.75	4.0	3.55	3.65	3.4	3.9	3.65	0.1	0.13	0.16	3.4	3.64	3.44	3.6	3.48	3.64	3.4	3.68	3.44	3.64	3.52	3.72	4.0	3.55	3.65	3.4	3.9	3.65	0.15	0.12	0.12	3.75	3.75	3.75	3.55	3.7	3.7	3.85	3.6	3.7	3.7	3.8	3.8	4.0	3.55	3.65	3.4	3.9	3.65	0.21	0.22	0.15	3.72	3.66	3.84	2.5	2.55	2.6	1.88	1.82	1.94	0.59	0.43	0.41	4.0	3.55	3.65	3.4	3.9	3.65	0.12	0.17	0.09	4.3	3.7	4.2	3.32	3.16	3.52	0.39	0.43	0.44	0.19	0.26	0.3	4.0	3.55	3.65	3.4	3.9	3.65	0.2	0.17	0.21	4.1	4.1	4.0	4.0	4.0	4.0	4.2	3.9	3.9	4.0	4.0	4.0	3.1	3.4	3.0	3.5	3.1	3.4	0.14	0.12	0.12	3.9	3.8	3.9	3.85	4.05	4.05	4.1	4.0	3.9	4.0	3.9	3.9	3.1	3.4	3.0	3.5	3.1	3.4	0.08	0.13	0.12	3.8	3.92	3.6	4.0	3.9	3.8	4.0	3.72	3.96	3.48	3.28	3.64	3.1	3.4	3.0	3.5	3.1	3.4	0.13	0.1	0.09	3.8	3.8	3.6	3.7	3.7	3.7	3.55	3.7	3.75	3.9	4.0	3.9	3.1	3.4	3.0	3.5	3.1	3.4	0.06	0.13	0.17	3.2	3.3	3.0	2.65	2.7	2.75	2.18	2.2	2.44	1.09	1.04	0.93	3.1	3.4	3.0	3.5	3.1	3.4	0.07	0.04	0.07	3.3	2.9	3.1	3.35	3.1	3.4	1.17	0.99	1.13	0.31	0.2	0.22	3.1	3.4	3.0	3.5	3.1	3.4	0.16	0.18	0.13	4.1	3.5	4.1	4.0	3.5	4.0	3.4	4.0	3.5	3.4	3.4	3.1	3.8	3.85	3.75	3.4	3.35	3.65	0.69	0.46	0.64	4.0	3.55	3.65	3.4	3.9	3.65	3.6	3.25	3.6	3.2	3.45	3.0	4.0	3.55	3.65	3.4	3.9	3.65	0.34	0.42	0.34	3.1	3.4	3.0	3.5	3.1	3.4	3.0	3.4	2.8	3.4	3.1	2.7	3.1	3.4	3.0	3.5	3.1	3.4	0.72	0.71	0.76
8.0	5.2	5.0	5.0	5.1	5.1	5.1	5.3	5.3	5.3	5.1	5.4	5.3	5.5	5.1	5.2	4.4	5.1	4.8	0.16	0.15	0.18	5.6	5.5	5.7	5.6	5.8	6.0	5.7	5.6	5.5	5.4	5.5	5.3	5.5	5.1	5.2	4.4	5.1	4.8	0.14	0.12	0.1	5.0	5.3	5.3	5.2	5.3	5.3	5.3	5.4	5.0	5.1	5.2	5.1	5.5	5.1	5.2	4.4	5.1	4.8	0.16	0.15	0.14	5.0	5.0	5.1	4.9	5.1	4.9	5.1	5.3	5.3	5.0	5.1	5.1	5.5	5.1	5.2	4.4	5.1	4.8	0.09	0.13	0.13	4.2	4.1	4.4	3.6	4.2	3.8	3.6	3.5	3.3	1.47	1.65	1.44	5.5	5.1	5.2	4.4	5.1	4.8	0.17	0.21	0.14	5.7	4.9	5.6	4.2	4.4	4.5	0.28	0.25	0.26	0.21	0.27	0.19	5.5	5.1	5.2	4.4	5.1	4.8	0.28	0.22	0.28	5.4	5.2	5.4	5.3	5.5	5.4	5.4	5.2	5.2	5.3	5.5	5.5	4.5	4.8	4.4	4.9	4.3	4.0	0.19	0.18	0.2	5.4	5.3	5.3	5.5	5.4	5.5	5.6	5.4	5.3	5.5	5.4	5.4	4.5	4.8	4.4	4.9	4.3	4.0	0.1	0.09	0.12	5.2	5.5	5.2	5.3	5.3	5.3	5.5	5.3	5.3	5.0	4.9	5.06	4.5	4.8	4.4	4.9	4.3	4.0	0.17	0.15	0.15	5.4	5.3	5.4	5.4	5.2	5.3	5.2	5.3	5.3	5.2	5.1	5.0	4.5	4.8	4.4	4.9	4.3	4.0	0.1	0.11	0.11	4.8	5.2	4.6	3.7	4.1	4.4	3.4	3.5	3.7	2.7	2.4	2.3	4.5	4.8	4.4	4.9	4.3	4.0	0.15	0.13	0.15	3.8	4.5	4.1	4.9	4.5	4.9	0.65	0.32	0.57	0.28	0.27	0.22	4.5	4.8	4.4	4.9	4.3	4.0	0.12	0.2	0.13	5.3	4.8	5.3	5.0	4.7	5.1	4.7	5.1	4.9	4.3	4.5	4.3	4.9	4.8	4.9	4.4	4.4	4.7	1.05	1.08	0.91	5.5	5.1	5.2	4.4	5.1	4.8	5.1	4.3	4.7	3.9	4.5	3.7	5.5	5.1	5.2	4.4	5.1	4.8	0.41	0.47	0.34	4.5	4.8	4.4	4.9	4.3	4.0	4.2	4.8	4.3	4.7	4.3	4.6	4.5	4.8	4.4	4.9	4.3	4.0	0.76	0.77	0.72
10.0	5.6	5.6	5.5	5.7	5.6	5.7	5.6	5.6	5.5	5.2	5.6	5.5	5.9	6.0	5.8	5.9	5.5	6.0	0.31	0.27	0.29	6.0	5.8	6.0	5.8	6.0	5.7	6.0	5.8	5.9	5.8	5.8	5.8	5.9	6.0	5.8	5.9	5.5	6.0	0.41	0.44	0.39	5.7	5.7	5.8	5.6	5.7	5.6	5.8	5.6	5.5	5.4	5.6	5.6	5.9	6.0	5.8	5.9	5.5	6.0	0.25	0.27	0.21	5.7	5.8	5.7	5.7	5.5	5.7	5.7	5.8	5.6	5.7	5.6	5.6	5.9	6.0	5.8	5.9	5.5	6.0	0.33	0.35	0.31	5.5	5.6	5.7	4.8	5.0	4.6	4.5	4.6	4.6	3.8	3.5	3.5	5.9	6.0	5.8	5.9	5.5	6.0	0.17	0.22	0.17	5.6	5.3	5.8	4.5	4.4	4.7	0.33	0.32	0.33	0.34	0.27	0.27	5.9	6.0	5.8	5.9	5.5	6.0	0.45	0.44	0.39	5.3	5.2	5.5	5.4	5.5	5.5	5.5	5.3	5.2	5.4	5.4	5.4	5.8	5.4	5.8	5.4	5.9	5.4	0.32	0.32	0.31	5.9	5.9	6.1	5.9	5.9	6.0	5.8	5.6	5.5	5.5	5.5	5.5	5.8	5.4	5.8	5.4	5.9	5.4	0.28	0.29	0.31	5.6	5.8	5.4	5.5	5.5	5.5	5.6	5.5	5.7	5.6	5.6	5.5	5.8	5.4	5.8	5.4	5.9	5.4	0.34	0.35	0.34	5.8	5.7	5.9	5.7	5.7	5.5	5.6	5.5	5.6	5.3	5.5	5.6	5.8	5.4	5.8	5.4	5.9	5.4	0.31	0.32	0.33	5.7	5.4	5.8	4.9	4.9	5.0	4.4	4.7	4.8	4.0	4.1	3.7	5.8	5.4	5.8	5.4	5.9	5.4	0.21	0.16	0.19	4.1	4.9	4.6	5.1	4.9	5.1	0.55	0.52	0.36	0.34	0.3	0.3	5.8	5.4	5.8	5.4	5.9	5.4	0.26	0.29	0.23	6.0	6.5	6.0	5.9	6.4	6.0	6.5	6.0	6.6	6.0	5.6	6.3	5.6	5.3	5.5	5.4	5.0	5.4	1.69	1.61	1.6	5.9	6.0	5.8	5.9	5.5	6.0	5.7	5.5	5.4	5.4	5.3	5.6	5.9	6.0	5.8	5.9	5.5	6.0	0.66	0.76	0.47	5.8	5.4	5.8	5.4	5.9	5.4	5.7	5.3	5.7	5.1	5.8	5.2	5.8	5.4	5.8	5.4	5.9	5.4	1.01	1.19	1.28
12.0	5.9	5.4	5.7	6.0	5.7	5.9	5.7	5.7	5.5	5.1	5.7	5.6	6.2	6.3	5.9	6.3	5.9	6.4	1.47	1.59	1.83	6.1	6.1	6.1	6.1	6.0	6.1	5.8	6.1	5.9	6.0	5.8	6.0	6.2	6.3	5.9	6.3	5.9	6.4	2.37	2.49	2.43	5.7	5.9	6.0	5.9	5.7	5.9	6.0	5.9	5.6	5.9	5.9	5.9	6.2	6.3	5.9	6.3	5.9	6.4	1.59	1.62	1.24	5.7	5.9	5.7	5.8	5.7	5.8	5.7	5.8	5.6	5.4	5.8	5.8	6.2	6.3	5.9	6.3	5.9	6.4	2.22	2.28	2.1	5.9	6.1	6.1	5.1	5.1	5.0	5.0	5.1	5.1	4.9	5.1	4.8	6.2	6.3	5.9	6.3	5.9	6.4	0.19	0.15	0.18	5.1	5.4	5.2	5.0	5.1	5.1	0.5	0.46	0.47	0.6	0.58	0.57	6.2	6.3	5.9	6.3	5.9	6.4	1.11	1.27	0.86	5.6	5.5	5.5	5.6	5.6	5.6	5.6	5.4	5.5	5.6	5.5	5.3	6.1	5.8	6.1	5.5	6.0	5.8	1.17	1.35	1.2	5.8	6.0	6.2	6.1	5.8	5.9	5.3	5.2	5.1	5.2	5.2	5.3	6.1	5.8	6.1	5.5	6.0	5.8	1.62	1.77	1.8	5.8	6.0	5.6	5.8	5.7	5.6	5.9	5.7	5.9	5.7	5.9	6.0	6.1	5.8	6.1	5.5	6.0	5.8	1.5	1.35	1.47	5.9	5.6	5.8	5.7	5.8	5.7	5.8	5.7	5.7	5.9	5.5	5.8	6.1	5.8	6.1	5.5	6.0	5.8	1.98	1.92	1.98	5.4	5.4	5.2	5.2	5.0	5.0	5.0	5.2	5.1	5.1	4.9	4.7	6.1	5.8	6.1	5.5	6.0	5.8	0.18	0.24	0.17	4.9	4.5	4.9	5.3	5.1	4.9	0.7	0.55	0.55	0.9	0.83	0.81	6.1	5.8	6.1	5.5	6.0	5.8	1.14	1.28	0.98	5.7	5.6	6.1	6.1	5.3	5.8	5.6	6.1	5.3	6.6	5.8	6.5	6.1	5.9	6.0	5.9	5.6	6.0	3.3	3.2	2.8	6.2	6.3	5.9	6.3	5.9	6.4	5.8	6.3	5.9	5.7	5.5	5.8	6.2	6.3	5.9	6.3	5.9	6.4	0.54	0.51	0.47	6.1	5.8	6.1	5.5	6.0	5.8	5.9	5.4	5.7	5.6	5.4	5.8	6.1	5.8	6.1	5.5	6.0	5.8	2.2	2.5	2.45
14.0	5.8	5.5	5.6	5.9	5.8	5.8	5.6	5.5	5.7	5.3	5.7	5.6	6.9	5.9	6.3	5.8	6.3	5.8	3.1	3.4	3.6	6.0	6.0	6.0	6.2	6.0	6.0	6.0	6.2	5.9	6.0	5.9	6.1	6.9	5.9	6.3	5.8	6.3	5.8	4.0	4.3	4.3	5.9	5.8	6.1	5.7	5.9	6.0	5.8	6.0	5.9	5.8	5.9	5.8	6.9	5.9	6.3	5.8	6.3	5.8	3.5	3.6	3.4	5.7	5.8	5.8	5.7	5.8	5.8	5.8	5.8	5.7	5.8	5.9	5.9	6.9	5.9	6.3	5.8	6.3	5.8	4.2	4.1	4.1	6.1	5.5	5.5	5.4	5.6	5.6	4.8	4.9	4.9	4.8	5.0	4.7	6.9	5.9	6.3	5.8	6.3	5.8	0.18	0.19	0.17	4.7	5.7	5.4	5.2	5.0	4.6	1.48	1.28	1.34	1.43	1.63	1.52	6.9	5.9	6.3	5.8	6.3	5.8	1.1	1.8	1.0	5.5	5.5	5.5	5.6	5.5	5.5	5.4	5.6	5.5	5.5	5.6	5.4	5.6	5.7	5.6	6.0	5.5	5.6	2.9	2.9	3.0	5.9	6.1	6.4	6.1	5.9	6.3	5.4	5.3	5.2	5.2	5.1	5.2	5.6	5.7	5.6	6.0	5.5	5.6	3.5	3.6	3.5	5.8	5.9	5.6	5.5	5.6	5.5	5.7	5.8	5.6	5.8	5.8	5.9	5.6	5.7	5.6	6.0	5.5	5.6	3.1	3.0	3.0	5.9	5.7	5.8	5.7	5.7	5.8	5.9	5.8	5.7	5.8	5.7	5.9	5.6	5.7	5.6	6.0	5.5	5.6	3.8	3.6	3.8	5.6	5.5	6.0	5.4	5.4	5.8	4.6	5.3	5.1	4.8	4.8	4.6	5.6	5.7	5.6	6.0	5.5	5.6	0.2	0.23	0.15	5.3	5.5	5.3	5.2	4.8	5.1	0.83	0.77	1.02	1.87	1.51	1.91	5.6	5.7	5.6	6.0	5.5	5.6	1.58	1.38	1.45	5.8	6.2	6.2	5.7	6.4	6.1	6.1	5.7	6.4	5.4	6.1	5.8	6.0	5.7	5.7	5.8	6.0	5.4	5.4	5.8	5.3	6.5	5.9	6.3	5.8	6.3	5.8	6.1	5.6	6.2	5.2	5.8	5.8	6.9	5.9	6.3	5.8	6.3	5.8	0.45	0.55	0.42	5.6	5.7	5.6	6.0	5.5	5.6	5.1	5.7	5.4	5.6	5.2	5.6	5.6	5.7	5.6	6.0	5.5	5.6	3.6	3.8	3.5
