PHAGE_ID	name	origin
T1	T1	NBRC
T2	T2	NBRC
T3	T3	NBRC
T4	T4	NBRC
T5	T5	NBRC
T6	T6	NBRC
T7	T7	NBRC
sewage_1	Sewage isolate 1	building sewage outlet
sewage_2	Sewage isolate 2	building sewage outlet
sewage_3	Sewage isolate 3	building sewage outlet
sewage_4	Sewage isolate 4	building sewage outlet
sewage_5	Sewage isolate 5	building sewage outlet
sewage_6	Sewage isolate 6	building sewage outlet
sewage_7	Sewage isolate 7	building sewage outlet
sewage_8	Sewage isolate 8	building sewage outlet
sewage_9	Sewage isolate 9	building sewage outlet
sewage_10	Sewage isolate 10	building sewage outlet
sewage_11	Sewage isolate 11	building sewage outlet
sewage_12	Sewage isolate 12	building sewage outlet
sewage_13	Sewage isolate 13	building sewage outlet
sewage_14	Sewage isolate 14	building sewage outlet
sewage_15	Sewage isolate 15	building sewage outlet
sewage_16	Sewage isolate 16	building sewage outlet
sewage_17	Sewage isolate 17	building sewage outlet
sewage_18	Sewage isolate 18	building sewage outlet
sewage_19	Sewage isolate 19	building sewage outlet
sewage_20	Sewage isolate 20	building sewage outlet
sewage_21	Sewage isolate 21	building sewage outlet
sewage_22	Sewage isolate 22	building sewage outlet
sewage_23	Sewage isolate 23	building sewage outlet
sewage_24	Sewage isolate 24	building sewage outlet
