Time	curve_A	curve_B	curve_C	curve_D	curve_E	curve_F	curve_G	curve_H	curve_I	curve_J	curve_K	curve_L	curve_M	curve_N	curve_O	curve_P	curve_Q	curve_R	curve_S	curve_T	curve_U	curve_V	curve_W	curve_X
0	0.421	0.465	0.504	0.451	0.449	0.432	0.491	0.532	0.564	0.375	0.358	0.416	0.372	0.423	0.586	0.456	0.42	0.404	0.473	0.39	0.44	0.384	0.444	0.517
1	0.509	0.502	0.525	0.515	0.529	0.484	0.457	0.55	0.658	0.519	0.459	0.499	0.485	0.532	0.623	0.544	0.544	0.536	0.516	0.478	0.527	0.487	0.506	0.527
2	0.629	0.639	0.677	0.632	0.662	0.646	0.682	0.609	0.751	0.635	0.618	0.637	0.645	0.652	0.675	0.715	0.657	0.658	0.645	0.636	0.649	0.624	0.646	0.648
17	1.043	1.304	1.254	1.325	1.32	1.65	1.34	1.43	0.454	0.465	0.522	0.596	0.536	0.473	0.796	0.424	0.414	0.468	0.521	0.418	0.486	0.46	0.418	0.421
19	1.05	1.31	1.25	1.35	1.33	1.36	1.33	1.49	0.501	0.46	0.526	0.608	0.514	0.493	0.855	0.425	0.421	0.659	0.654	0.477	0.496	0.594	0.559	0.459
21	0.989	1.32	1.25	1.35	1.33	1.37	1.33	1.5	0.507	0.476	0.588	0.67	0.518	0.572	0.87	0.422	0.396	0.69	0.728	0.574	0.817	0.794	0.631	0.475
24	1.012	1.326	1.246	1.36	1.338	1.378	1.329	1.513	0.719	0.541	0.595	0.808	0.555	0.535	0.895	0.414	0.48	0.675	0.804	0.639	0.585	0.814	0.66	0.453
26	1.164	1.31	1.242	1.348	1.335	1.354	1.322	1.5	0.638	0.649	0.84	0.87	0.611	0.51	0.839	0.409	0.452	0.685	0.889	0.696	0.614	0.82	0.682	0.436
40	0.958	1.187	1.166	1.186	1.22	1.237	1.22	1.213	0.673	0.918	0.835	0.77	0.804	0.622	1.135	0.587	0.919	0.702	0.966	0.816	0.949	0.829	0.831	0.77
