Time	A1	B1	C1	A2	B2	C2	A3	B3	C3	A4	B4	C4	A5	B5	C5	A6	B6	C6	A7	B7	C7	A8	B8	C8	A9	B9	C9	A10	B10	C10	A11	B11	C11
0	197.2	153.9	156.4	152.3	170.9	164.5	168.3	185.2	157.8	179.1	177.9	186.6	177.4	171.3	156.2	189.5	189.6	146.5	166.3	178.9	147.9	163.4	158.5	131.2	179.9	174.6	179.6	155.7	165.9	176.0	156.3	181.6	172.8
40	184.1	203.6	199.9	150.6	158.2	203.4	184.6	184.3	184.8	153.6	176.7	208.9	203.5	172.4	189.9	191.7	189.1	168.2	217.9	282.0	164.4	164.9	172.9	151.2	176.5	161.5	183.2	163.2	177.2	169.4	186.6	182.1	173.2
80	199.2	213.1	213.4	185.1	168.8	194.7	226.1	195.4	218.9	159.6	188.5	217.2	213.6	224.5	207.1	202.0	224.7	223.9	332.8	283.7	227.0	152.8	156.7	150.5	180.9	168.7	169.0	163.0	145.2	187.4	202.3	201.6	195.8
120	267.7	287.9	251.6	155.7	180.6	293.2	269.7	280.8	282.9	164.6	168.1	260.8	275.3	271.1	253.2	228.4	231.0	241.0	460.2	409.4	295.6	165.7	172.7	147.1	160.6	164.9	176.6	141.8	182.2	154.8	272.0	297.9	279.7
160	360.2	362.1	356.2	173.0	182.3	357.9	379.1	367.9	373.1	186.1	228.4	341.2	364.6	373.3	365.6	271.2	280.9	275.0	558.7	580.3	355.8	169.6	164.8	155.8	173.0	177.8	187.1	161.7	184.1	174.1	361.1	357.8	379.3
200	477.9	466.4	472.9	209.6	225.5	455.6	466.9	475.5	465.5	214.2	237.9	460.5	486.2	447.9	470.9	350.9	347.9	336.8	586.1	568.2	433.7	185.1	183.8	157.6	190.4	165.0	187.2	162.4	169.7	193.1	451.9	467.1	477.2
240	588.7	594.3	595.8	326.7	334.8	601.5	562.7	582.2	578.7	302.1	338.1	580.0	587.3	570.3	565.3	419.0	406.2	369.5	525.5	548.7	570.5	167.5	172.9	156.8	174.3	181.9	174.0	162.3	175.0	172.0	568.2	582.4	575.8
280	722.0	737.4	692.6	422.5	415.0	717.6	650.8	664.5	654.5	412.8	435.7	704.3	664.7	668.7	661.2	460.9	477.3	447.0	487.7	490.8	707.3	143.3	182.1	150.5	172.3	169.3	182.9	178.1	175.0	155.8	686.9	684.2	688.0
320	855.9	839.2	781.8	553.4	535.5	798.1	746.5	739.3	726.8	517.2	562.7	802.4	762.2	733.6	757.1	548.7	539.6	551.5	435.0	404.6	773.0	175.3	171.5	152.3	193.7	165.3	203.3	151.8	163.0	169.2	784.0	771.7	787.8
360	962.5	967.2	860.0	685.7	691.0	849.6	732.5	774.8	753.8	625.6	650.5	822.5	831.9	803.8	816.4	588.3	602.8	561.2	305.4	303.8	846.1	222.8	199.1	188.9	194.0	159.3	181.1	155.7	174.9	187.7	857.4	868.0	858.0
400	1040.6	1018.7	894.2	783.6	790.4	905.3	768.8	778.6	773.6	716.8	701.5	907.1	846.2	857.5	843.7	621.2	583.6	590.2	243.5	256.4	911.4	260.0	247.6	244.2	185.8	174.3	174.3	137.8	161.3	176.9	899.4	903.3	889.8
440	1048.8	1096.6	914.5	876.3	883.5	898.2	787.0	781.3	761.2	758.2	787.4	916.9	871.2	862.9	876.9	572.2	574.3	569.4	211.2	228.5	916.5	347.6	357.2	353.3	176.0	180.7	179.5	159.1	163.3	164.8	924.1	931.5	923.7
480	1107.8	1131.4	926.6	902.8	904.2	926.2	806.1	811.8	795.5	796.3	792.4	933.6	877.5	878.1	891.3	541.7	547.9	520.5	201.4	224.9	944.0	521.1	507.4	501.9	178.2	174.5	182.2	160.0	180.7	166.3	934.5	947.8	945.0
520	1158.4	1123.8	959.4	954.8	930.5	958.5	817.1	820.6	792.9	815.8	800.0	969.7	853.5	871.3	900.1	492.4	480.8	451.8	212.4	195.6	936.1	659.6	662.1	642.6	172.6	194.2	179.8	158.8	179.1	167.6	942.7	943.3	958.9
560	1165.4	1187.6	979.0	953.4	957.7	959.1	819.8	814.6	789.0	798.9	801.2	978.3	857.8	852.4	838.6	408.2	395.2	390.2	190.4	195.8	969.9	781.7	781.7	772.5	180.1	195.9	190.5	175.0	162.3	176.8	955.1	972.9	958.8
600	1169.0	1191.9	973.7	955.0	963.8	958.4	824.6	821.7	814.6	803.0	823.0	984.3	828.3	863.5	848.7	346.7	326.3	301.0	192.4	210.2	940.3	893.8	866.2	887.8	199.5	198.0	195.9	172.5	162.1	186.5	968.3	955.8	963.0
640	1185.8	1203.9	974.9	968.1	963.2	957.5	813.3	828.8	823.3	794.6	819.9	945.0	822.5	817.6	823.2	263.4	251.8	231.5	181.6	204.2	955.4	930.2	891.8	938.4	243.2	238.5	239.5	164.7	162.9	183.7	970.0	969.4	980.4
680	1187.4	1197.0	964.6	979.1	948.3	960.7	806.4	853.2	809.9	813.4	822.0	976.5	840.3	816.5	815.5	203.5	190.3	180.7	190.1	186.6	978.2	934.9	925.0	950.6	336.0	348.2	345.6	160.2	176.7	177.7	947.0	951.6	980.1
720	1206.2	1210.2	971.0	977.3	961.0	963.0	805.4	834.3	828.0	823.9	827.7	938.0	811.8	821.5	811.4	205.2	185.9	174.0	180.6	209.7	983.9	945.9	969.1	949.1	428.9	419.5	437.6	174.2	159.4	159.9	961.0	948.4	973.6
